bank_ref,amount,memo,date
TX-00000,672.42,Vendor Payment 0,2026-01-01
TX-00001,2006.49,Vendor Payment 1,2026-01-01
TX-00002,2024.48,Vendor Payment 2,2026-01-01
TX-00003,4583.04,Vendor Payment 3,2026-01-01
TX-00004,2763.9,Vendor Payment 4,2026-01-01
TX-00005,1966.22,Vendor Payment 5,2026-01-01
TX-00006,4442.46,Vendor Payment 6,2026-01-01
TX-00007,1946.8,Vendor Payment 7,2026-01-01
TX-00008,4452.68,Vendor Payment 8,2026-01-01
TX-00009,862.75,Vendor Payment 9,2026-01-01
TX-00010,4220.32,Vendor Payment 10,2026-01-01
TX-00011,4734.06,Vendor Payment 11,2026-01-01
TX-00012,2520.49,Vendor Payment 12,2026-01-01
TX-00013,4834.58,Vendor Payment 13,2026-01-01
TX-00014,3014.54,Vendor Payment 14,2026-01-01
TX-00015,1102.92,Vendor Payment 15,2026-01-01
TX-00016,3037.63,Vendor Payment 16,2026-01-01
TX-00017,2038.18,Vendor Payment 17,2026-01-01
TX-00018,4715.72,Vendor Payment 18,2026-01-01
TX-00019,3949.9,Vendor Payment 19,2026-01-01
TX-00020,4933.31,Vendor Payment 20,2026-01-01
TX-00021,1868.94,Vendor Payment 21,2026-01-01
TX-00022,2171.59,Vendor Payment 22,2026-01-01
TX-00023,4503.22,Vendor Payment 23,2026-01-01
TX-00024,1907.06,Vendor Payment 24,2026-01-02
TX-00025,4026.42,Vendor Payment 25,2026-01-02
TX-00026,2674.31,Vendor Payment 26,2026-01-02
TX-00027,4652.35,Vendor Payment 27,2026-01-02
TX-00028,4193.78,Vendor Payment 28,2026-01-02
TX-00029,30.23,Vendor Payment 29,2026-01-02
TX-00030,1313.81,Vendor Payment 30,2026-01-02
TX-00031,732.67,Vendor Payment 31,2026-01-02
TX-00032,767.29,Vendor Payment 32,2026-01-02
TX-00033,3616.77,Vendor Payment 33,2026-01-02
TX-00034,2380.0,Vendor Payment 34,2026-01-02
TX-00035,4724.96,Vendor Payment 35,2026-01-02
TX-00036,606.72,Vendor Payment 36,2026-01-02
TX-00037,3634.12,Vendor Payment 37,2026-01-02
TX-00038,4860.67,Vendor Payment 38,2026-01-02
TX-00039,2012.34,Vendor Payment 39,2026-01-02
TX-00040,4608.74,Vendor Payment 40,2026-01-02
TX-00041,3782.29,Vendor Payment 41,2026-01-02
TX-00042,4739.27,Vendor Payment 42,2026-01-02
TX-00043,3750.87,Vendor Payment 43,2026-01-02
TX-00044,1052.66,Vendor Payment 44,2026-01-02
TX-00045,2235.69,Vendor Payment 45,2026-01-02
TX-00046,2531.59,Vendor Payment 46,2026-01-02
TX-00047,2209.32,Vendor Payment 47,2026-01-02
TX-00048,4930.22,Vendor Payment 48,2026-01-03
TX-00049,3742.79,Vendor Payment 49,2026-01-03
TX-00050,1587.74,Vendor Payment 50,2026-01-03
TX-00051,4291.41,Vendor Payment 51,2026-01-03
TX-00052,3360.28,Vendor Payment 52,2026-01-03
TX-00053,1481.25,Vendor Payment 53,2026-01-03
TX-00054,1672.41,Vendor Payment 54,2026-01-03
TX-00055,438.79,Vendor Payment 55,2026-01-03
TX-00056,413.81,Vendor Payment 56,2026-01-03
TX-00057,3151.19,Vendor Payment 57,2026-01-03
TX-00058,698.26,Vendor Payment 58,2026-01-03
TX-00059,4902.52,Vendor Payment 59,2026-01-03
TX-00060,4002.7,Vendor Payment 60,2026-01-03
TX-00061,3371.14,Vendor Payment 61,2026-01-03
TX-00062,2567.41,Vendor Payment 62,2026-01-03
TX-00063,136.54,Vendor Payment 63,2026-01-03
TX-00064,4725.35,Vendor Payment 64,2026-01-03
TX-00065,236.23,Vendor Payment 65,2026-01-03
TX-00066,4407.98,Vendor Payment 66,2026-01-03
TX-00067,3719.3,Vendor Payment 67,2026-01-03
TX-00068,3139.09,Vendor Payment 68,2026-01-03
TX-00069,331.72,Vendor Payment 69,2026-01-03
TX-00070,4415.51,Vendor Payment 70,2026-01-03
TX-00071,254.46,Vendor Payment 71,2026-01-03
TX-00072,2150.26,Vendor Payment 72,2026-01-04
TX-00073,1290.83,Vendor Payment 73,2026-01-04
TX-00074,2964.65,Vendor Payment 74,2026-01-04
TX-00075,839.26,Vendor Payment 75,2026-01-04
TX-00076,1810.65,Vendor Payment 76,2026-01-04
TX-00077,575.7,Vendor Payment 77,2026-01-04
TX-00078,2266.73,Vendor Payment 78,2026-01-04
TX-00079,3827.61,Vendor Payment 79,2026-01-04
TX-00080,4485.23,Vendor Payment 80,2026-01-04
TX-00081,398.24,Vendor Payment 81,2026-01-04
TX-00082,4832.55,Vendor Payment 82,2026-01-04
TX-00083,2387.88,Vendor Payment 83,2026-01-04
TX-00084,3774.21,Vendor Payment 84,2026-01-04
TX-00085,4807.8,Vendor Payment 85,2026-01-04
TX-00086,4163.29,Vendor Payment 86,2026-01-04
TX-00087,3356.71,Vendor Payment 87,2026-01-04
TX-00088,1023.88,Vendor Payment 88,2026-01-04
TX-00089,3452.58,Vendor Payment 89,2026-01-04
TX-00090,51.51,Vendor Payment 90,2026-01-04
TX-00091,1742.32,Vendor Payment 91,2026-01-04
TX-00092,3462.95,Vendor Payment 92,2026-01-04
TX-00093,1648.74,Vendor Payment 93,2026-01-04
TX-00094,3900.72,Vendor Payment 94,2026-01-04
TX-00095,14.57,Vendor Payment 95,2026-01-04
TX-00096,135.55,Vendor Payment 96,2026-01-05
TX-00097,906.36,Vendor Payment 97,2026-01-05
TX-00098,2450.43,Vendor Payment 98,2026-01-05
TX-00099,831.24,Vendor Payment 99,2026-01-05
TX-00100,823.32,Vendor Payment 100,2026-01-05
TX-00101,2221.58,Vendor Payment 101,2026-01-05
TX-00102,4539.93,Vendor Payment 102,2026-01-05
TX-00103,2492.06,Vendor Payment 103,2026-01-05
TX-00104,3439.2,Vendor Payment 104,2026-01-05
TX-00105,4229.35,Vendor Payment 105,2026-01-05
TX-00106,1608.47,Vendor Payment 106,2026-01-05
TX-00107,3683.59,Vendor Payment 107,2026-01-05
TX-00108,1712.72,Vendor Payment 108,2026-01-05
TX-00109,256.66,Vendor Payment 109,2026-01-05
TX-00110,2803.26,Vendor Payment 110,2026-01-05
TX-00111,2367.74,Vendor Payment 111,2026-01-05
TX-00112,4422.99,Vendor Payment 112,2026-01-05
TX-00113,3513.83,Vendor Payment 113,2026-01-05
TX-00114,3823.54,Vendor Payment 114,2026-01-05
TX-00115,3129.47,Vendor Payment 115,2026-01-05
TX-00116,604.29,Vendor Payment 116,2026-01-05
TX-00117,2284.06,Vendor Payment 117,2026-01-05
TX-00118,2185.88,Vendor Payment 118,2026-01-05
TX-00119,4243.32,Vendor Payment 119,2026-01-05
TX-00120,747.56,Vendor Payment 120,2026-01-06
TX-00121,1362.23,Vendor Payment 121,2026-01-06
TX-00122,408.27,Vendor Payment 122,2026-01-06
TX-00123,4212.04,Vendor Payment 123,2026-01-06
TX-00124,1848.27,Vendor Payment 124,2026-01-06
TX-00125,2566.76,Vendor Payment 125,2026-01-06
TX-00126,4008.51,Vendor Payment 126,2026-01-06
TX-00127,2650.85,Vendor Payment 127,2026-01-06
TX-00128,887.9,Vendor Payment 128,2026-01-06
TX-00129,2019.23,Vendor Payment 129,2026-01-06
TX-00130,992.44,Vendor Payment 130,2026-01-06
TX-00131,2351.63,Vendor Payment 131,2026-01-06
TX-00132,3274.09,Vendor Payment 132,2026-01-06
TX-00133,1516.36,Vendor Payment 133,2026-01-06
TX-00134,3403.64,Vendor Payment 134,2026-01-06
TX-00135,1676.83,Vendor Payment 135,2026-01-06
TX-00136,1196.66,Vendor Payment 136,2026-01-06
TX-00137,2578.95,Vendor Payment 137,2026-01-06
TX-00138,1715.29,Vendor Payment 138,2026-01-06
TX-00139,4617.79,Vendor Payment 139,2026-01-06
TX-00140,4058.99,Vendor Payment 140,2026-01-06
TX-00141,3126.08,Vendor Payment 141,2026-01-06
TX-00142,4580.4,Vendor Payment 142,2026-01-06
TX-00143,3627.39,Vendor Payment 143,2026-01-06
TX-00144,3233.28,Vendor Payment 144,2026-01-07
TX-00145,959.94,Vendor Payment 145,2026-01-07
TX-00146,3499.08,Vendor Payment 146,2026-01-07
TX-00147,2045.79,Vendor Payment 147,2026-01-07
TX-00148,2505.08,Vendor Payment 148,2026-01-07
TX-00149,3417.67,Vendor Payment 149,2026-01-07
TX-00150,68.43,Vendor Payment 150,2026-01-07
TX-00151,4393.81,Vendor Payment 151,2026-01-07
TX-00152,4069.95,Vendor Payment 152,2026-01-07
TX-00153,3613.83,Vendor Payment 153,2026-01-07
TX-00154,4497.98,Vendor Payment 154,2026-01-07
TX-00155,4083.11,Vendor Payment 155,2026-01-07
TX-00156,1873.67,Vendor Payment 156,2026-01-07
TX-00157,626.55,Vendor Payment 157,2026-01-07
TX-00158,4794.26,Vendor Payment 158,2026-01-07
TX-00159,2154.35,Vendor Payment 159,2026-01-07
TX-00160,3888.98,Vendor Payment 160,2026-01-07
TX-00161,2393.25,Vendor Payment 161,2026-01-07
TX-00162,2148.7,Vendor Payment 162,2026-01-07
TX-00163,203.14,Vendor Payment 163,2026-01-07
TX-00164,3941.58,Vendor Payment 164,2026-01-07
TX-00165,3332.16,Vendor Payment 165,2026-01-07
TX-00166,2665.4,Vendor Payment 166,2026-01-07
TX-00167,168.99,Vendor Payment 167,2026-01-07
TX-00168,3020.44,Vendor Payment 168,2026-01-08
TX-00169,2022.05,Vendor Payment 169,2026-01-08
TX-00170,3124.64,Vendor Payment 170,2026-01-08
TX-00171,1698.2,Vendor Payment 171,2026-01-08
TX-00172,2807.33,Vendor Payment 172,2026-01-08
TX-00173,1667.25,Vendor Payment 173,2026-01-08
TX-00174,1144.82,Vendor Payment 174,2026-01-08
TX-00175,4342.57,Vendor Payment 175,2026-01-08
TX-00176,69.99,Vendor Payment 176,2026-01-08
TX-00177,3555.73,Vendor Payment 177,2026-01-08
TX-00178,4851.83,Vendor Payment 178,2026-01-08
TX-00179,3730.37,Vendor Payment 179,2026-01-08
TX-00180,1731.37,Vendor Payment 180,2026-01-08
TX-00181,708.36,Vendor Payment 181,2026-01-08
TX-00182,1396.1,Vendor Payment 182,2026-01-08
TX-00183,3204.76,Vendor Payment 183,2026-01-08
TX-00184,1995.43,Vendor Payment 184,2026-01-08
TX-00185,4973.14,Vendor Payment 185,2026-01-08
TX-00186,4274.2,Vendor Payment 186,2026-01-08
TX-00187,1291.23,Vendor Payment 187,2026-01-08
TX-00188,2309.7,Vendor Payment 188,2026-01-08
TX-00189,4753.48,Vendor Payment 189,2026-01-08
TX-00190,532.74,Vendor Payment 190,2026-01-08
TX-00191,1649.31,Vendor Payment 191,2026-01-08
TX-00192,875.86,Vendor Payment 192,2026-01-09
TX-00193,4800.26,Vendor Payment 193,2026-01-09
TX-00194,4056.38,Vendor Payment 194,2026-01-09
TX-00195,4032.24,Vendor Payment 195,2026-01-09
TX-00196,4411.07,Vendor Payment 196,2026-01-09
TX-00197,123.01,Vendor Payment 197,2026-01-09
TX-00198,946.99,Vendor Payment 198,2026-01-09
TX-00199,2436.3,Vendor Payment 199,2026-01-09
TX-00200,1529.39,Vendor Payment 200,2026-01-09
TX-00201,2600.81,Vendor Payment 201,2026-01-09
TX-00202,455.64,Vendor Payment 202,2026-01-09
TX-00203,773.4,Vendor Payment 203,2026-01-09
TX-00204,1045.56,Vendor Payment 204,2026-01-09
TX-00205,3353.02,Vendor Payment 205,2026-01-09
TX-00206,755.82,Vendor Payment 206,2026-01-09
TX-00207,1363.44,Vendor Payment 207,2026-01-09
TX-00208,2663.18,Vendor Payment 208,2026-01-09
TX-00209,2609.57,Vendor Payment 209,2026-01-09
TX-00210,3495.73,Vendor Payment 210,2026-01-09
TX-00211,2399.74,Vendor Payment 211,2026-01-09
TX-00212,561.8,Vendor Payment 212,2026-01-09
TX-00213,104.46,Vendor Payment 213,2026-01-09
TX-00214,2873.0,Vendor Payment 214,2026-01-09
TX-00215,1479.66,Vendor Payment 215,2026-01-09
TX-00216,1028.98,Vendor Payment 216,2026-01-10
TX-00217,3155.8,Vendor Payment 217,2026-01-10
TX-00218,2378.26,Vendor Payment 218,2026-01-10
TX-00219,649.5,Vendor Payment 219,2026-01-10
TX-00220,3499.53,Vendor Payment 220,2026-01-10
TX-00221,1829.43,Vendor Payment 221,2026-01-10
TX-00222,2594.68,Vendor Payment 222,2026-01-10
TX-00223,4747.14,Vendor Payment 223,2026-01-10
TX-00224,2486.63,Vendor Payment 224,2026-01-10
TX-00225,4466.13,Vendor Payment 225,2026-01-10
TX-00226,3999.91,Vendor Payment 226,2026-01-10
TX-00227,548.97,Vendor Payment 227,2026-01-10
TX-00228,1473.7,Vendor Payment 228,2026-01-10
TX-00229,1940.43,Vendor Payment 229,2026-01-10
TX-00230,1829.98,Vendor Payment 230,2026-01-10
TX-00231,4231.11,Vendor Payment 231,2026-01-10
TX-00232,2934.54,Vendor Payment 232,2026-01-10
TX-00233,1487.69,Vendor Payment 233,2026-01-10
TX-00234,55.79,Vendor Payment 234,2026-01-10
TX-00235,2387.33,Vendor Payment 235,2026-01-10
TX-00236,1287.24,Vendor Payment 236,2026-01-10
TX-00237,51.75,Vendor Payment 237,2026-01-10
TX-00238,4287.94,Vendor Payment 238,2026-01-10
TX-00239,4649.04,Vendor Payment 239,2026-01-10
TX-00240,3706.48,Vendor Payment 240,2026-01-11
TX-00241,1201.3,Vendor Payment 241,2026-01-11
TX-00242,161.87,Vendor Payment 242,2026-01-11
TX-00243,2321.67,Vendor Payment 243,2026-01-11
TX-00244,1088.48,Vendor Payment 244,2026-01-11
TX-00245,1435.95,Vendor Payment 245,2026-01-11
TX-00246,4444.84,Vendor Payment 246,2026-01-11
TX-00247,2141.88,Vendor Payment 247,2026-01-11
TX-00248,546.26,Vendor Payment 248,2026-01-11
TX-00249,4199.39,Vendor Payment 249,2026-01-11
TX-00250,3632.99,Vendor Payment 250,2026-01-11
TX-00251,1763.79,Vendor Payment 251,2026-01-11
TX-00252,963.15,Vendor Payment 252,2026-01-11
TX-00253,1632.85,Vendor Payment 253,2026-01-11
TX-00254,676.63,Vendor Payment 254,2026-01-11
TX-00255,4536.54,Vendor Payment 255,2026-01-11
TX-00256,906.73,Vendor Payment 256,2026-01-11
TX-00257,28.75,Vendor Payment 257,2026-01-11
TX-00258,3143.35,Vendor Payment 258,2026-01-11
TX-00259,2851.56,Vendor Payment 259,2026-01-11
TX-00260,331.4,Vendor Payment 260,2026-01-11
TX-00261,4359.73,Vendor Payment 261,2026-01-11
TX-00262,1290.15,Vendor Payment 262,2026-01-11
TX-00263,2826.38,Vendor Payment 263,2026-01-11
TX-00264,194.27,Vendor Payment 264,2026-01-12
TX-00265,3384.52,Vendor Payment 265,2026-01-12
TX-00266,1617.59,Vendor Payment 266,2026-01-12
TX-00267,2076.69,Vendor Payment 267,2026-01-12
TX-00268,4089.02,Vendor Payment 268,2026-01-12
TX-00269,2437.34,Vendor Payment 269,2026-01-12
TX-00270,140.5,Vendor Payment 270,2026-01-12
TX-00271,1818.56,Vendor Payment 271,2026-01-12
TX-00272,4160.59,Vendor Payment 272,2026-01-12
TX-00273,2664.08,Vendor Payment 273,2026-01-12
TX-00274,2666.93,Vendor Payment 274,2026-01-12
TX-00275,4186.37,Vendor Payment 275,2026-01-12
TX-00276,4671.38,Vendor Payment 276,2026-01-12
TX-00277,2611.59,Vendor Payment 277,2026-01-12
TX-00278,906.88,Vendor Payment 278,2026-01-12
TX-00279,4507.66,Vendor Payment 279,2026-01-12
TX-00280,2072.88,Vendor Payment 280,2026-01-12
TX-00281,3483.42,Vendor Payment 281,2026-01-12
TX-00282,4265.57,Vendor Payment 282,2026-01-12
TX-00283,2976.94,Vendor Payment 283,2026-01-12
TX-00284,3242.58,Vendor Payment 284,2026-01-12
TX-00285,4104.99,Vendor Payment 285,2026-01-12
TX-00286,3776.93,Vendor Payment 286,2026-01-12
TX-00287,2532.37,Vendor Payment 287,2026-01-12
TX-00288,4781.76,Vendor Payment 288,2026-01-13
TX-00289,215.8,Vendor Payment 289,2026-01-13
TX-00290,4751.89,Vendor Payment 290,2026-01-13
TX-00291,3185.76,Vendor Payment 291,2026-01-13
TX-00292,1670.98,Vendor Payment 292,2026-01-13
TX-00293,1119.4,Vendor Payment 293,2026-01-13
TX-00294,4215.77,Vendor Payment 294,2026-01-13
TX-00295,1828.77,Vendor Payment 295,2026-01-13
TX-00296,2546.92,Vendor Payment 296,2026-01-13
TX-00297,3212.96,Vendor Payment 297,2026-01-13
TX-00298,4577.89,Vendor Payment 298,2026-01-13
TX-00299,661.95,Vendor Payment 299,2026-01-13
TX-00300,2090.3,Vendor Payment 300,2026-01-13
TX-00301,2835.66,Vendor Payment 301,2026-01-13
TX-00302,1059.88,Vendor Payment 302,2026-01-13
TX-00303,4862.36,Vendor Payment 303,2026-01-13
TX-00304,3520.05,Vendor Payment 304,2026-01-13
TX-00305,3475.91,Vendor Payment 305,2026-01-13
TX-00306,1164.89,Vendor Payment 306,2026-01-13
TX-00307,471.7,Vendor Payment 307,2026-01-13
TX-00308,477.11,Vendor Payment 308,2026-01-13
TX-00309,3389.44,Vendor Payment 309,2026-01-13
TX-00310,739.49,Vendor Payment 310,2026-01-13
TX-00311,1997.31,Vendor Payment 311,2026-01-13
TX-00312,2917.82,Vendor Payment 312,2026-01-14
TX-00313,174.9,Vendor Payment 313,2026-01-14
TX-00314,1106.1,Vendor Payment 314,2026-01-14
TX-00315,3418.4,Vendor Payment 315,2026-01-14
TX-00316,3589.46,Vendor Payment 316,2026-01-14
TX-00317,111.6,Vendor Payment 317,2026-01-14
TX-00318,2769.0,Vendor Payment 318,2026-01-14
TX-00319,4761.26,Vendor Payment 319,2026-01-14
TX-00320,4509.15,Vendor Payment 320,2026-01-14
TX-00321,95.85,Vendor Payment 321,2026-01-14
TX-00322,1115.19,Vendor Payment 322,2026-01-14
TX-00323,3669.11,Vendor Payment 323,2026-01-14
TX-00324,4777.57,Vendor Payment 324,2026-01-14
TX-00325,3961.35,Vendor Payment 325,2026-01-14
TX-00326,282.99,Vendor Payment 326,2026-01-14
TX-00327,3816.35,Vendor Payment 327,2026-01-14
TX-00328,1955.27,Vendor Payment 328,2026-01-14
TX-00329,4513.91,Vendor Payment 329,2026-01-14
TX-00330,753.83,Vendor Payment 330,2026-01-14
TX-00331,1911.93,Vendor Payment 331,2026-01-14
TX-00332,1230.15,Vendor Payment 332,2026-01-14
TX-00333,2570.76,Vendor Payment 333,2026-01-14
TX-00334,799.68,Vendor Payment 334,2026-01-14
TX-00335,3803.86,Vendor Payment 335,2026-01-14
TX-00336,4597.65,Vendor Payment 336,2026-01-15
TX-00337,1781.01,Vendor Payment 337,2026-01-15
TX-00338,4570.98,Vendor Payment 338,2026-01-15
TX-00339,4957.98,Vendor Payment 339,2026-01-15
TX-00340,4249.78,Vendor Payment 340,2026-01-15
TX-00341,2127.17,Vendor Payment 341,2026-01-15
TX-00342,4808.64,Vendor Payment 342,2026-01-15
TX-00343,896.56,Vendor Payment 343,2026-01-15
TX-00344,339.09,Vendor Payment 344,2026-01-15
TX-00345,1239.39,Vendor Payment 345,2026-01-15
TX-00346,3103.88,Vendor Payment 346,2026-01-15
TX-00347,1069.32,Vendor Payment 347,2026-01-15
TX-00348,2762.29,Vendor Payment 348,2026-01-15
TX-00349,807.21,Vendor Payment 349,2026-01-15
TX-00350,4340.34,Vendor Payment 350,2026-01-15
TX-00351,4895.09,Vendor Payment 351,2026-01-15
TX-00352,2134.79,Vendor Payment 352,2026-01-15
TX-00353,2290.05,Vendor Payment 353,2026-01-15
TX-00354,1101.77,Vendor Payment 354,2026-01-15
TX-00355,2797.49,Vendor Payment 355,2026-01-15
TX-00356,414.76,Vendor Payment 356,2026-01-15
TX-00357,2958.13,Vendor Payment 357,2026-01-15
TX-00358,1441.75,Vendor Payment 358,2026-01-15
TX-00359,2524.76,Vendor Payment 359,2026-01-15
TX-00360,2298.27,Vendor Payment 360,2026-01-16
TX-00361,3618.86,Vendor Payment 361,2026-01-16
TX-00362,324.13,Vendor Payment 362,2026-01-16
TX-00363,4729.0,Vendor Payment 363,2026-01-16
TX-00364,3632.04,Vendor Payment 364,2026-01-16
TX-00365,108.29,Vendor Payment 365,2026-01-16
TX-00366,3887.78,Vendor Payment 366,2026-01-16
TX-00367,4786.01,Vendor Payment 367,2026-01-16
TX-00368,3301.67,Vendor Payment 368,2026-01-16
TX-00369,2458.22,Vendor Payment 369,2026-01-16
TX-00370,4509.09,Vendor Payment 370,2026-01-16
TX-00371,97.27,Vendor Payment 371,2026-01-16
TX-00372,4503.8,Vendor Payment 372,2026-01-16
TX-00373,4788.31,Vendor Payment 373,2026-01-16
TX-00374,2967.06,Vendor Payment 374,2026-01-16
TX-00375,2588.17,Vendor Payment 375,2026-01-16
TX-00376,4955.45,Vendor Payment 376,2026-01-16
TX-00377,4659.15,Vendor Payment 377,2026-01-16
TX-00378,1112.31,Vendor Payment 378,2026-01-16
TX-00379,2054.07,Vendor Payment 379,2026-01-16
TX-00380,4037.48,Vendor Payment 380,2026-01-16
TX-00381,1338.73,Vendor Payment 381,2026-01-16
TX-00382,1482.15,Vendor Payment 382,2026-01-16
TX-00383,415.6,Vendor Payment 383,2026-01-16
TX-00384,4979.37,Vendor Payment 384,2026-01-17
TX-00385,4622.42,Vendor Payment 385,2026-01-17
TX-00386,1535.79,Vendor Payment 386,2026-01-17
TX-00387,1343.97,Vendor Payment 387,2026-01-17
TX-00388,4381.18,Vendor Payment 388,2026-01-17
TX-00389,771.72,Vendor Payment 389,2026-01-17
TX-00390,2600.43,Vendor Payment 390,2026-01-17
TX-00391,1833.28,Vendor Payment 391,2026-01-17
TX-00392,1663.36,Vendor Payment 392,2026-01-17
TX-00393,2665.16,Vendor Payment 393,2026-01-17
TX-00394,3383.36,Vendor Payment 394,2026-01-17
TX-00395,970.95,Vendor Payment 395,2026-01-17
TX-00396,4931.75,Vendor Payment 396,2026-01-17
TX-00397,3026.57,Vendor Payment 397,2026-01-17
TX-00398,4545.1,Vendor Payment 398,2026-01-17
TX-00399,2865.35,Vendor Payment 399,2026-01-17
TX-00400,2503.45,Vendor Payment 400,2026-01-17
TX-00401,1256.72,Vendor Payment 401,2026-01-17
TX-00402,737.4,Vendor Payment 402,2026-01-17
TX-00403,4205.16,Vendor Payment 403,2026-01-17
TX-00404,1404.17,Vendor Payment 404,2026-01-17
TX-00405,3324.26,Vendor Payment 405,2026-01-17
TX-00406,2517.1,Vendor Payment 406,2026-01-17
TX-00407,2724.48,Vendor Payment 407,2026-01-17
TX-00408,410.36,Vendor Payment 408,2026-01-18
TX-00409,3436.99,Vendor Payment 409,2026-01-18
TX-00410,2868.29,Vendor Payment 410,2026-01-18
TX-00411,1718.39,Vendor Payment 411,2026-01-18
TX-00412,4785.19,Vendor Payment 412,2026-01-18
TX-00413,1473.09,Vendor Payment 413,2026-01-18
TX-00414,2387.88,Vendor Payment 414,2026-01-18
TX-00415,2442.91,Vendor Payment 415,2026-01-18
TX-00416,1094.92,Vendor Payment 416,2026-01-18
TX-00417,799.73,Vendor Payment 417,2026-01-18
TX-00418,4067.96,Vendor Payment 418,2026-01-18
TX-00419,4821.78,Vendor Payment 419,2026-01-18
TX-00420,3840.48,Vendor Payment 420,2026-01-18
TX-00421,932.84,Vendor Payment 421,2026-01-18
TX-00422,2056.02,Vendor Payment 422,2026-01-18
TX-00423,2992.32,Vendor Payment 423,2026-01-18
TX-00424,1441.64,Vendor Payment 424,2026-01-18
TX-00425,2224.41,Vendor Payment 425,2026-01-18
TX-00426,3386.64,Vendor Payment 426,2026-01-18
TX-00427,2430.11,Vendor Payment 427,2026-01-18
TX-00428,2494.74,Vendor Payment 428,2026-01-18
TX-00429,752.31,Vendor Payment 429,2026-01-18
TX-00430,4813.31,Vendor Payment 430,2026-01-18
TX-00431,1266.63,Vendor Payment 431,2026-01-18
TX-00432,540.65,Vendor Payment 432,2026-01-19
TX-00433,2056.09,Vendor Payment 433,2026-01-19
TX-00434,1504.49,Vendor Payment 434,2026-01-19
TX-00435,3988.0,Vendor Payment 435,2026-01-19
TX-00436,1982.25,Vendor Payment 436,2026-01-19
TX-00437,559.83,Vendor Payment 437,2026-01-19
TX-00438,1415.74,Vendor Payment 438,2026-01-19
TX-00439,2792.74,Vendor Payment 439,2026-01-19
TX-00440,263.13,Vendor Payment 440,2026-01-19
TX-00441,1426.29,Vendor Payment 441,2026-01-19
TX-00442,4631.47,Vendor Payment 442,2026-01-19
TX-00443,1586.78,Vendor Payment 443,2026-01-19
TX-00444,835.45,Vendor Payment 444,2026-01-19
TX-00445,439.15,Vendor Payment 445,2026-01-19
TX-00446,721.93,Vendor Payment 446,2026-01-19
TX-00447,4899.78,Vendor Payment 447,2026-01-19
TX-00448,3394.41,Vendor Payment 448,2026-01-19
TX-00449,1165.21,Vendor Payment 449,2026-01-19
TX-00450,2680.56,Vendor Payment 450,2026-01-19
TX-00451,1734.24,Vendor Payment 451,2026-01-19
TX-00452,4516.35,Vendor Payment 452,2026-01-19
TX-00453,2730.58,Vendor Payment 453,2026-01-19
TX-00454,381.2,Vendor Payment 454,2026-01-19
TX-00455,2720.46,Vendor Payment 455,2026-01-19
TX-00456,1225.62,Vendor Payment 456,2026-01-20
TX-00457,2119.19,Vendor Payment 457,2026-01-20
TX-00458,4705.14,Vendor Payment 458,2026-01-20
TX-00459,3029.93,Vendor Payment 459,2026-01-20
TX-00460,4598.07,Vendor Payment 460,2026-01-20
TX-00461,2934.69,Vendor Payment 461,2026-01-20
TX-00462,501.26,Vendor Payment 462,2026-01-20
TX-00463,1407.43,Vendor Payment 463,2026-01-20
TX-00464,215.76,Vendor Payment 464,2026-01-20
TX-00465,681.2,Vendor Payment 465,2026-01-20
TX-00466,377.0,Vendor Payment 466,2026-01-20
TX-00467,531.01,Vendor Payment 467,2026-01-20
TX-00468,2514.95,Vendor Payment 468,2026-01-20
TX-00469,286.16,Vendor Payment 469,2026-01-20
TX-00470,845.84,Vendor Payment 470,2026-01-20
TX-00471,500.81,Vendor Payment 471,2026-01-20
TX-00472,2573.2,Vendor Payment 472,2026-01-20
TX-00473,4566.74,Vendor Payment 473,2026-01-20
TX-00474,2002.4,Vendor Payment 474,2026-01-20
TX-00475,1786.44,Vendor Payment 475,2026-01-20
TX-00476,3316.66,Vendor Payment 476,2026-01-20
TX-00477,2892.63,Vendor Payment 477,2026-01-20
TX-00478,3328.99,Vendor Payment 478,2026-01-20
TX-00479,4849.78,Vendor Payment 479,2026-01-20
TX-00480,448.3,Vendor Payment 480,2026-01-21
TX-00481,2873.16,Vendor Payment 481,2026-01-21
TX-00482,4673.83,Vendor Payment 482,2026-01-21
TX-00483,2521.17,Vendor Payment 483,2026-01-21
TX-00484,1394.05,Vendor Payment 484,2026-01-21
TX-00485,1322.09,Vendor Payment 485,2026-01-21
TX-00486,3820.2,Vendor Payment 486,2026-01-21
TX-00487,4405.25,Vendor Payment 487,2026-01-21
TX-00488,642.44,Vendor Payment 488,2026-01-21
TX-00489,4854.97,Vendor Payment 489,2026-01-21
TX-00490,4142.92,Vendor Payment 490,2026-01-21
TX-00491,2561.36,Vendor Payment 491,2026-01-21
TX-00492,1058.51,Vendor Payment 492,2026-01-21
TX-00493,2063.43,Vendor Payment 493,2026-01-21
TX-00494,822.2,Vendor Payment 494,2026-01-21
TX-00495,2126.05,Vendor Payment 495,2026-01-21
TX-00496,1840.97,Vendor Payment 496,2026-01-21
TX-00497,3317.46,Vendor Payment 497,2026-01-21
TX-00498,3675.18,Vendor Payment 498,2026-01-21
TX-00499,3843.49,Vendor Payment 499,2026-01-21
TX-00500,3686.77,Vendor Payment 500,2026-01-21
TX-00501,3386.2,Vendor Payment 501,2026-01-21
TX-00502,4366.91,Vendor Payment 502,2026-01-21
TX-00503,1100.17,Vendor Payment 503,2026-01-21
TX-00504,1265.2,Vendor Payment 504,2026-01-22
TX-00505,96.49,Vendor Payment 505,2026-01-22
TX-00506,2424.42,Vendor Payment 506,2026-01-22
TX-00507,2574.08,Vendor Payment 507,2026-01-22
TX-00508,3078.29,Vendor Payment 508,2026-01-22
TX-00509,4816.24,Vendor Payment 509,2026-01-22
TX-00510,971.4,Vendor Payment 510,2026-01-22
TX-00511,2200.08,Vendor Payment 511,2026-01-22
TX-00512,2197.94,Vendor Payment 512,2026-01-22
TX-00513,4874.66,Vendor Payment 513,2026-01-22
TX-00514,3383.73,Vendor Payment 514,2026-01-22
TX-00515,2813.39,Vendor Payment 515,2026-01-22
TX-00516,4098.28,Vendor Payment 516,2026-01-22
TX-00517,759.68,Vendor Payment 517,2026-01-22
TX-00518,4617.82,Vendor Payment 518,2026-01-22
TX-00519,782.07,Vendor Payment 519,2026-01-22
TX-00520,2240.95,Vendor Payment 520,2026-01-22
TX-00521,337.27,Vendor Payment 521,2026-01-22
TX-00522,4164.7,Vendor Payment 522,2026-01-22
TX-00523,3644.05,Vendor Payment 523,2026-01-22
TX-00524,46.4,Vendor Payment 524,2026-01-22
TX-00525,3276.77,Vendor Payment 525,2026-01-22
TX-00526,3258.35,Vendor Payment 526,2026-01-22
TX-00527,1685.11,Vendor Payment 527,2026-01-22
TX-00528,1918.77,Vendor Payment 528,2026-01-23
TX-00529,2516.19,Vendor Payment 529,2026-01-23
TX-00530,3188.3,Vendor Payment 530,2026-01-23
TX-00531,3728.8,Vendor Payment 531,2026-01-23
TX-00532,1080.63,Vendor Payment 532,2026-01-23
TX-00533,4118.86,Vendor Payment 533,2026-01-23
TX-00534,3455.55,Vendor Payment 534,2026-01-23
TX-00535,2414.05,Vendor Payment 535,2026-01-23
TX-00536,4582.77,Vendor Payment 536,2026-01-23
TX-00537,3125.91,Vendor Payment 537,2026-01-23
TX-00538,4422.39,Vendor Payment 538,2026-01-23
TX-00539,1746.03,Vendor Payment 539,2026-01-23
TX-00540,3347.02,Vendor Payment 540,2026-01-23
TX-00541,44.15,Vendor Payment 541,2026-01-23
TX-00542,3274.9,Vendor Payment 542,2026-01-23
TX-00543,2678.06,Vendor Payment 543,2026-01-23
TX-00544,2533.78,Vendor Payment 544,2026-01-23
TX-00545,1250.88,Vendor Payment 545,2026-01-23
TX-00546,3298.67,Vendor Payment 546,2026-01-23
TX-00547,3526.84,Vendor Payment 547,2026-01-23
TX-00548,3468.59,Vendor Payment 548,2026-01-23
TX-00549,2472.45,Vendor Payment 549,2026-01-23
TX-00550,1256.32,Vendor Payment 550,2026-01-23
TX-00551,1368.71,Vendor Payment 551,2026-01-23
TX-00552,3016.75,Vendor Payment 552,2026-01-24
TX-00553,4786.93,Vendor Payment 553,2026-01-24
TX-00554,1198.31,Vendor Payment 554,2026-01-24
TX-00555,1468.94,Vendor Payment 555,2026-01-24
TX-00556,1424.51,Vendor Payment 556,2026-01-24
TX-00557,89.31,Vendor Payment 557,2026-01-24
TX-00558,3947.88,Vendor Payment 558,2026-01-24
TX-00559,2174.14,Vendor Payment 559,2026-01-24
TX-00560,1132.44,Vendor Payment 560,2026-01-24
TX-00561,4860.56,Vendor Payment 561,2026-01-24
TX-00562,2068.97,Vendor Payment 562,2026-01-24
TX-00563,2467.84,Vendor Payment 563,2026-01-24
TX-00564,1654.22,Vendor Payment 564,2026-01-24
TX-00565,3896.26,Vendor Payment 565,2026-01-24
TX-00566,3542.59,Vendor Payment 566,2026-01-24
TX-00567,341.52,Vendor Payment 567,2026-01-24
TX-00568,880.98,Vendor Payment 568,2026-01-24
TX-00569,785.1,Vendor Payment 569,2026-01-24
TX-00570,2267.51,Vendor Payment 570,2026-01-24
TX-00571,2483.39,Vendor Payment 571,2026-01-24
TX-00572,4460.87,Vendor Payment 572,2026-01-24
TX-00573,2305.91,Vendor Payment 573,2026-01-24
TX-00574,2599.25,Vendor Payment 574,2026-01-24
TX-00575,3602.74,Vendor Payment 575,2026-01-24
TX-00576,4499.61,Vendor Payment 576,2026-01-25
TX-00577,4406.84,Vendor Payment 577,2026-01-25
TX-00578,2211.07,Vendor Payment 578,2026-01-25
TX-00579,88.38,Vendor Payment 579,2026-01-25
TX-00580,1462.36,Vendor Payment 580,2026-01-25
TX-00581,4341.79,Vendor Payment 581,2026-01-25
TX-00582,4364.25,Vendor Payment 582,2026-01-25
TX-00583,306.14,Vendor Payment 583,2026-01-25
TX-00584,753.36,Vendor Payment 584,2026-01-25
TX-00585,4376.42,Vendor Payment 585,2026-01-25
TX-00586,4323.22,Vendor Payment 586,2026-01-25
TX-00587,600.04,Vendor Payment 587,2026-01-25
TX-00588,2621.39,Vendor Payment 588,2026-01-25
TX-00589,780.99,Vendor Payment 589,2026-01-25
TX-00590,3995.44,Vendor Payment 590,2026-01-25
TX-00591,2496.44,Vendor Payment 591,2026-01-25
TX-00592,3192.69,Vendor Payment 592,2026-01-25
TX-00593,546.13,Vendor Payment 593,2026-01-25
TX-00594,2111.32,Vendor Payment 594,2026-01-25
TX-00595,688.64,Vendor Payment 595,2026-01-25
TX-00596,1884.13,Vendor Payment 596,2026-01-25
TX-00597,3377.05,Vendor Payment 597,2026-01-25
TX-00598,624.49,Vendor Payment 598,2026-01-25
TX-00599,4980.05,Vendor Payment 599,2026-01-25
TX-00600,4206.93,Vendor Payment 600,2026-01-26
TX-00601,4590.67,Vendor Payment 601,2026-01-26
TX-00602,1800.68,Vendor Payment 602,2026-01-26
TX-00603,149.28,Vendor Payment 603,2026-01-26
TX-00604,2165.28,Vendor Payment 604,2026-01-26
TX-00605,2500.03,Vendor Payment 605,2026-01-26
TX-00606,1935.95,Vendor Payment 606,2026-01-26
TX-00607,1087.92,Vendor Payment 607,2026-01-26
TX-00608,1572.81,Vendor Payment 608,2026-01-26
TX-00609,1841.0,Vendor Payment 609,2026-01-26
TX-00610,2934.59,Vendor Payment 610,2026-01-26
TX-00611,3456.54,Vendor Payment 611,2026-01-26
TX-00612,3805.56,Vendor Payment 612,2026-01-26
TX-00613,3776.44,Vendor Payment 613,2026-01-26
TX-00614,766.78,Vendor Payment 614,2026-01-26
TX-00615,2162.65,Vendor Payment 615,2026-01-26
TX-00616,1094.79,Vendor Payment 616,2026-01-26
TX-00617,3217.31,Vendor Payment 617,2026-01-26
TX-00618,934.02,Vendor Payment 618,2026-01-26
TX-00619,1378.36,Vendor Payment 619,2026-01-26
TX-00620,3044.28,Vendor Payment 620,2026-01-26
TX-00621,4648.93,Vendor Payment 621,2026-01-26
TX-00622,4691.04,Vendor Payment 622,2026-01-26
TX-00623,1559.99,Vendor Payment 623,2026-01-26
TX-00624,2603.11,Vendor Payment 624,2026-01-27
TX-00625,2097.2,Vendor Payment 625,2026-01-27
TX-00626,2431.2,Vendor Payment 626,2026-01-27
TX-00627,2541.27,Vendor Payment 627,2026-01-27
TX-00628,163.28,Vendor Payment 628,2026-01-27
TX-00629,975.96,Vendor Payment 629,2026-01-27
TX-00630,768.8,Vendor Payment 630,2026-01-27
TX-00631,345.44,Vendor Payment 631,2026-01-27
TX-00632,4563.08,Vendor Payment 632,2026-01-27
TX-00633,3646.49,Vendor Payment 633,2026-01-27
TX-00634,2915.31,Vendor Payment 634,2026-01-27
TX-00635,3359.62,Vendor Payment 635,2026-01-27
TX-00636,3660.66,Vendor Payment 636,2026-01-27
TX-00637,4986.86,Vendor Payment 637,2026-01-27
TX-00638,2057.74,Vendor Payment 638,2026-01-27
TX-00639,2044.82,Vendor Payment 639,2026-01-27
TX-00640,835.16,Vendor Payment 640,2026-01-27
TX-00641,2285.02,Vendor Payment 641,2026-01-27
TX-00642,623.09,Vendor Payment 642,2026-01-27
TX-00643,77.39,Vendor Payment 643,2026-01-27
TX-00644,582.88,Vendor Payment 644,2026-01-27
TX-00645,2555.88,Vendor Payment 645,2026-01-27
TX-00646,705.36,Vendor Payment 646,2026-01-27
TX-00647,2483.17,Vendor Payment 647,2026-01-27
TX-00648,4930.64,Vendor Payment 648,2026-01-28
TX-00649,3430.22,Vendor Payment 649,2026-01-28
TX-00650,2711.74,Vendor Payment 650,2026-01-28
TX-00651,509.07,Vendor Payment 651,2026-01-28
TX-00652,4840.57,Vendor Payment 652,2026-01-28
TX-00653,4823.24,Vendor Payment 653,2026-01-28
TX-00654,1258.3,Vendor Payment 654,2026-01-28
TX-00655,3137.44,Vendor Payment 655,2026-01-28
TX-00656,2816.63,Vendor Payment 656,2026-01-28
TX-00657,3289.88,Vendor Payment 657,2026-01-28
TX-00658,1677.71,Vendor Payment 658,2026-01-28
TX-00659,1626.07,Vendor Payment 659,2026-01-28
TX-00660,3767.01,Vendor Payment 660,2026-01-28
TX-00661,2634.99,Vendor Payment 661,2026-01-28
TX-00662,1564.92,Vendor Payment 662,2026-01-28
TX-00663,447.98,Vendor Payment 663,2026-01-28
TX-00664,2013.42,Vendor Payment 664,2026-01-28
TX-00665,3736.01,Vendor Payment 665,2026-01-28
TX-00666,937.62,Vendor Payment 666,2026-01-28
TX-00667,757.46,Vendor Payment 667,2026-01-28
TX-00668,3668.98,Vendor Payment 668,2026-01-28
TX-00669,4416.39,Vendor Payment 669,2026-01-28
TX-00670,4563.91,Vendor Payment 670,2026-01-28
TX-00671,2573.13,Vendor Payment 671,2026-01-28
TX-00672,1462.97,Vendor Payment 672,2026-01-29
TX-00673,3406.37,Vendor Payment 673,2026-01-29
TX-00674,1198.12,Vendor Payment 674,2026-01-29
TX-00675,1027.1,Vendor Payment 675,2026-01-29
TX-00676,51.11,Vendor Payment 676,2026-01-29
TX-00677,1876.56,Vendor Payment 677,2026-01-29
TX-00678,4106.44,Vendor Payment 678,2026-01-29
TX-00679,345.05,Vendor Payment 679,2026-01-29
TX-00680,1988.09,Vendor Payment 680,2026-01-29
TX-00681,3481.35,Vendor Payment 681,2026-01-29
TX-00682,4201.87,Vendor Payment 682,2026-01-29
TX-00683,3322.74,Vendor Payment 683,2026-01-29
TX-00684,2412.45,Vendor Payment 684,2026-01-29
TX-00685,2872.11,Vendor Payment 685,2026-01-29
TX-00686,1784.89,Vendor Payment 686,2026-01-29
TX-00687,426.65,Vendor Payment 687,2026-01-29
TX-00688,1758.22,Vendor Payment 688,2026-01-29
TX-00689,1076.7,Vendor Payment 689,2026-01-29
TX-00690,3538.92,Vendor Payment 690,2026-01-29
TX-00691,3874.98,Vendor Payment 691,2026-01-29
TX-00692,3320.6,Vendor Payment 692,2026-01-29
TX-00693,1178.4,Vendor Payment 693,2026-01-29
TX-00694,3199.42,Vendor Payment 694,2026-01-29
TX-00695,55.42,Vendor Payment 695,2026-01-29
TX-00696,3176.88,Vendor Payment 696,2026-01-30
TX-00697,1255.15,Vendor Payment 697,2026-01-30
TX-00698,4201.06,Vendor Payment 698,2026-01-30
TX-00699,2585.13,Vendor Payment 699,2026-01-30
TX-00700,4871.09,Vendor Payment 700,2026-01-30
TX-00701,908.08,Vendor Payment 701,2026-01-30
TX-00702,941.14,Vendor Payment 702,2026-01-30
TX-00703,427.81,Vendor Payment 703,2026-01-30
TX-00704,3840.91,Vendor Payment 704,2026-01-30
TX-00705,1212.65,Vendor Payment 705,2026-01-30
TX-00706,2396.65,Vendor Payment 706,2026-01-30
TX-00707,4383.38,Vendor Payment 707,2026-01-30
TX-00708,3554.37,Vendor Payment 708,2026-01-30
TX-00709,797.06,Vendor Payment 709,2026-01-30
TX-00710,3715.24,Vendor Payment 710,2026-01-30
TX-00711,3378.19,Vendor Payment 711,2026-01-30
TX-00712,4251.95,Vendor Payment 712,2026-01-30
TX-00713,472.23,Vendor Payment 713,2026-01-30
TX-00714,3410.12,Vendor Payment 714,2026-01-30
TX-00715,1242.04,Vendor Payment 715,2026-01-30
TX-00716,720.63,Vendor Payment 716,2026-01-30
TX-00717,2943.74,Vendor Payment 717,2026-01-30
TX-00718,2966.3,Vendor Payment 718,2026-01-30
TX-00719,4525.34,Vendor Payment 719,2026-01-30
TX-00720,2246.52,Vendor Payment 720,2026-01-31
TX-00721,4613.95,Vendor Payment 721,2026-01-31
TX-00722,3845.1,Vendor Payment 722,2026-01-31
TX-00723,4224.4,Vendor Payment 723,2026-01-31
TX-00724,1660.6,Vendor Payment 724,2026-01-31
TX-00725,982.77,Vendor Payment 725,2026-01-31
TX-00726,143.57,Vendor Payment 726,2026-01-31
TX-00727,339.24,Vendor Payment 727,2026-01-31
TX-00728,3405.8,Vendor Payment 728,2026-01-31
TX-00729,1111.67,Vendor Payment 729,2026-01-31
TX-00730,1133.61,Vendor Payment 730,2026-01-31
TX-00731,3104.34,Vendor Payment 731,2026-01-31
TX-00732,3835.73,Vendor Payment 732,2026-01-31
TX-00733,2919.92,Vendor Payment 733,2026-01-31
TX-00734,3694.68,Vendor Payment 734,2026-01-31
TX-00735,2861.46,Vendor Payment 735,2026-01-31
TX-00736,1846.94,Vendor Payment 736,2026-01-31
TX-00737,4717.13,Vendor Payment 737,2026-01-31
TX-00738,311.71,Vendor Payment 738,2026-01-31
TX-00739,85.25,Vendor Payment 739,2026-01-31
TX-00740,2001.95,Vendor Payment 740,2026-01-31
TX-00741,3996.51,Vendor Payment 741,2026-01-31
TX-00742,4401.74,Vendor Payment 742,2026-01-31
TX-00743,1159.29,Vendor Payment 743,2026-01-31
TX-00744,4380.86,Vendor Payment 744,2026-02-01
TX-00745,2398.53,Vendor Payment 745,2026-02-01
TX-00746,273.18,Vendor Payment 746,2026-02-01
TX-00747,1059.95,Vendor Payment 747,2026-02-01
TX-00748,3594.67,Vendor Payment 748,2026-02-01
TX-00749,646.29,Vendor Payment 749,2026-02-01
TX-00750,2400.8,Vendor Payment 750,2026-02-01
TX-00751,4246.23,Vendor Payment 751,2026-02-01
TX-00752,3403.21,Vendor Payment 752,2026-02-01
TX-00753,1201.96,Vendor Payment 753,2026-02-01
TX-00754,3024.45,Vendor Payment 754,2026-02-01
TX-00755,700.94,Vendor Payment 755,2026-02-01
TX-00756,515.22,Vendor Payment 756,2026-02-01
TX-00757,1204.84,Vendor Payment 757,2026-02-01
TX-00758,416.66,Vendor Payment 758,2026-02-01
TX-00759,2437.21,Vendor Payment 759,2026-02-01
TX-00760,2824.26,Vendor Payment 760,2026-02-01
TX-00761,803.57,Vendor Payment 761,2026-02-01
TX-00762,2854.84,Vendor Payment 762,2026-02-01
TX-00763,1991.22,Vendor Payment 763,2026-02-01
TX-00764,167.32,Vendor Payment 764,2026-02-01
TX-00765,4778.66,Vendor Payment 765,2026-02-01
TX-00766,4696.91,Vendor Payment 766,2026-02-01
TX-00767,1204.48,Vendor Payment 767,2026-02-01
TX-00768,4318.09,Vendor Payment 768,2026-02-02
TX-00769,2563.78,Vendor Payment 769,2026-02-02
TX-00770,670.97,Vendor Payment 770,2026-02-02
TX-00771,1646.92,Vendor Payment 771,2026-02-02
TX-00772,1203.2,Vendor Payment 772,2026-02-02
TX-00773,4677.96,Vendor Payment 773,2026-02-02
TX-00774,2464.51,Vendor Payment 774,2026-02-02
TX-00775,4742.47,Vendor Payment 775,2026-02-02
TX-00776,4859.43,Vendor Payment 776,2026-02-02
TX-00777,839.1,Vendor Payment 777,2026-02-02
TX-00778,1825.77,Vendor Payment 778,2026-02-02
TX-00779,1376.77,Vendor Payment 779,2026-02-02
TX-00780,3909.65,Vendor Payment 780,2026-02-02
TX-00781,1450.56,Vendor Payment 781,2026-02-02
TX-00782,638.03,Vendor Payment 782,2026-02-02
TX-00783,3214.9,Vendor Payment 783,2026-02-02
TX-00784,2230.8,Vendor Payment 784,2026-02-02
TX-00785,4421.18,Vendor Payment 785,2026-02-02
TX-00786,588.08,Vendor Payment 786,2026-02-02
TX-00787,2020.24,Vendor Payment 787,2026-02-02
TX-00788,2668.25,Vendor Payment 788,2026-02-02
TX-00789,2007.9,Vendor Payment 789,2026-02-02
TX-00790,2364.94,Vendor Payment 790,2026-02-02
TX-00791,4971.33,Vendor Payment 791,2026-02-02
TX-00792,3746.37,Vendor Payment 792,2026-02-03
TX-00793,3353.49,Vendor Payment 793,2026-02-03
TX-00794,1228.26,Vendor Payment 794,2026-02-03
TX-00795,711.3,Vendor Payment 795,2026-02-03
TX-00796,3501.66,Vendor Payment 796,2026-02-03
TX-00797,4055.88,Vendor Payment 797,2026-02-03
TX-00798,474.59,Vendor Payment 798,2026-02-03
TX-00799,797.99,Vendor Payment 799,2026-02-03
TX-00800,3127.18,Vendor Payment 800,2026-02-03
TX-00801,2706.75,Vendor Payment 801,2026-02-03
TX-00802,4429.64,Vendor Payment 802,2026-02-03
TX-00803,1418.71,Vendor Payment 803,2026-02-03
TX-00804,530.75,Vendor Payment 804,2026-02-03
TX-00805,1662.7,Vendor Payment 805,2026-02-03
TX-00806,3382.19,Vendor Payment 806,2026-02-03
TX-00807,2148.75,Vendor Payment 807,2026-02-03
TX-00808,1116.51,Vendor Payment 808,2026-02-03
TX-00809,2459.37,Vendor Payment 809,2026-02-03
TX-00810,3712.92,Vendor Payment 810,2026-02-03
TX-00811,3257.42,Vendor Payment 811,2026-02-03
TX-00812,4692.25,Vendor Payment 812,2026-02-03
TX-00813,2074.09,Vendor Payment 813,2026-02-03
TX-00814,4886.11,Vendor Payment 814,2026-02-03
TX-00815,4936.09,Vendor Payment 815,2026-02-03
TX-00816,1310.98,Vendor Payment 816,2026-02-04
TX-00817,1427.04,Vendor Payment 817,2026-02-04
TX-00818,783.97,Vendor Payment 818,2026-02-04
TX-00819,3878.31,Vendor Payment 819,2026-02-04
TX-00820,635.05,Vendor Payment 820,2026-02-04
TX-00821,2959.28,Vendor Payment 821,2026-02-04
TX-00822,842.17,Vendor Payment 822,2026-02-04
TX-00823,3708.51,Vendor Payment 823,2026-02-04
TX-00824,4440.69,Vendor Payment 824,2026-02-04
TX-00825,365.48,Vendor Payment 825,2026-02-04
TX-00826,2243.52,Vendor Payment 826,2026-02-04
TX-00827,4533.76,Vendor Payment 827,2026-02-04
TX-00828,4387.21,Vendor Payment 828,2026-02-04
TX-00829,3895.94,Vendor Payment 829,2026-02-04
TX-00830,3013.62,Vendor Payment 830,2026-02-04
TX-00831,1851.91,Vendor Payment 831,2026-02-04
TX-00832,2431.1,Vendor Payment 832,2026-02-04
TX-00833,1954.12,Vendor Payment 833,2026-02-04
TX-00834,3029.51,Vendor Payment 834,2026-02-04
TX-00835,3116.49,Vendor Payment 835,2026-02-04
TX-00836,2336.35,Vendor Payment 836,2026-02-04
TX-00837,1420.54,Vendor Payment 837,2026-02-04
TX-00838,3196.19,Vendor Payment 838,2026-02-04
TX-00839,3437.61,Vendor Payment 839,2026-02-04
TX-00840,2325.88,Vendor Payment 840,2026-02-05
TX-00841,4807.54,Vendor Payment 841,2026-02-05
TX-00842,4669.94,Vendor Payment 842,2026-02-05
TX-00843,2904.18,Vendor Payment 843,2026-02-05
TX-00844,3399.15,Vendor Payment 844,2026-02-05
TX-00845,3725.91,Vendor Payment 845,2026-02-05
TX-00846,506.1,Vendor Payment 846,2026-02-05
TX-00847,3268.84,Vendor Payment 847,2026-02-05
TX-00848,2142.0,Vendor Payment 848,2026-02-05
TX-00849,847.36,Vendor Payment 849,2026-02-05
TX-00850,1982.55,Vendor Payment 850,2026-02-05
TX-00851,3094.04,Vendor Payment 851,2026-02-05
TX-00852,1764.97,Vendor Payment 852,2026-02-05
TX-00853,2008.02,Vendor Payment 853,2026-02-05
TX-00854,890.22,Vendor Payment 854,2026-02-05
TX-00855,4695.34,Vendor Payment 855,2026-02-05
TX-00856,704.69,Vendor Payment 856,2026-02-05
TX-00857,3718.23,Vendor Payment 857,2026-02-05
TX-00858,944.62,Vendor Payment 858,2026-02-05
TX-00859,623.1,Vendor Payment 859,2026-02-05
TX-00860,3130.84,Vendor Payment 860,2026-02-05
TX-00861,3316.17,Vendor Payment 861,2026-02-05
TX-00862,2101.13,Vendor Payment 862,2026-02-05
TX-00863,4455.43,Vendor Payment 863,2026-02-05
TX-00864,3940.84,Vendor Payment 864,2026-02-06
TX-00865,2773.54,Vendor Payment 865,2026-02-06
TX-00866,3214.53,Vendor Payment 866,2026-02-06
TX-00867,2850.25,Vendor Payment 867,2026-02-06
TX-00868,686.83,Vendor Payment 868,2026-02-06
TX-00869,4102.88,Vendor Payment 869,2026-02-06
TX-00870,1292.7,Vendor Payment 870,2026-02-06
TX-00871,2263.75,Vendor Payment 871,2026-02-06
TX-00872,2899.24,Vendor Payment 872,2026-02-06
TX-00873,2098.73,Vendor Payment 873,2026-02-06
TX-00874,4564.39,Vendor Payment 874,2026-02-06
TX-00875,2344.14,Vendor Payment 875,2026-02-06
TX-00876,1292.48,Vendor Payment 876,2026-02-06
TX-00877,462.72,Vendor Payment 877,2026-02-06
TX-00878,271.42,Vendor Payment 878,2026-02-06
TX-00879,3153.89,Vendor Payment 879,2026-02-06
TX-00880,1237.21,Vendor Payment 880,2026-02-06
TX-00881,1784.04,Vendor Payment 881,2026-02-06
TX-00882,3454.18,Vendor Payment 882,2026-02-06
TX-00883,1655.71,Vendor Payment 883,2026-02-06
TX-00884,631.59,Vendor Payment 884,2026-02-06
TX-00885,1085.16,Vendor Payment 885,2026-02-06
TX-00886,4913.65,Vendor Payment 886,2026-02-06
TX-00887,848.85,Vendor Payment 887,2026-02-06
TX-00888,1136.27,Vendor Payment 888,2026-02-07
TX-00889,4711.49,Vendor Payment 889,2026-02-07
TX-00890,2414.38,Vendor Payment 890,2026-02-07
TX-00891,920.95,Vendor Payment 891,2026-02-07
TX-00892,1473.25,Vendor Payment 892,2026-02-07
TX-00893,1875.95,Vendor Payment 893,2026-02-07
TX-00894,3284.94,Vendor Payment 894,2026-02-07
TX-00895,4014.83,Vendor Payment 895,2026-02-07
TX-00896,2286.61,Vendor Payment 896,2026-02-07
TX-00897,2079.05,Vendor Payment 897,2026-02-07
TX-00898,1822.84,Vendor Payment 898,2026-02-07
TX-00899,3055.02,Vendor Payment 899,2026-02-07
TX-00900,2929.29,Vendor Payment 900,2026-02-07
TX-00901,1100.74,Vendor Payment 901,2026-02-07
TX-00902,4306.37,Vendor Payment 902,2026-02-07
TX-00903,1810.17,Vendor Payment 903,2026-02-07
TX-00904,2315.24,Vendor Payment 904,2026-02-07
TX-00905,2619.55,Vendor Payment 905,2026-02-07
TX-00906,1073.9,Vendor Payment 906,2026-02-07
TX-00907,985.17,Vendor Payment 907,2026-02-07
TX-00908,4966.85,Vendor Payment 908,2026-02-07
TX-00909,2448.7,Vendor Payment 909,2026-02-07
TX-00910,1471.0,Vendor Payment 910,2026-02-07
TX-00911,336.63,Vendor Payment 911,2026-02-07
TX-00912,1143.47,Vendor Payment 912,2026-02-08
TX-00913,3009.1,Vendor Payment 913,2026-02-08
TX-00914,986.47,Vendor Payment 914,2026-02-08
TX-00915,1384.56,Vendor Payment 915,2026-02-08
TX-00916,353.77,Vendor Payment 916,2026-02-08
TX-00917,1800.69,Vendor Payment 917,2026-02-08
TX-00918,1858.85,Vendor Payment 918,2026-02-08
TX-00919,1945.21,Vendor Payment 919,2026-02-08
TX-00920,4773.27,Vendor Payment 920,2026-02-08
TX-00921,1740.63,Vendor Payment 921,2026-02-08
TX-00922,2446.4,Vendor Payment 922,2026-02-08
TX-00923,1411.64,Vendor Payment 923,2026-02-08
TX-00924,4702.73,Vendor Payment 924,2026-02-08
TX-00925,2546.12,Vendor Payment 925,2026-02-08
TX-00926,1746.97,Vendor Payment 926,2026-02-08
TX-00927,4489.41,Vendor Payment 927,2026-02-08
TX-00928,3706.33,Vendor Payment 928,2026-02-08
TX-00929,1434.83,Vendor Payment 929,2026-02-08
TX-00930,3020.33,Vendor Payment 930,2026-02-08
TX-00931,4587.1,Vendor Payment 931,2026-02-08
TX-00932,1992.16,Vendor Payment 932,2026-02-08
TX-00933,103.97,Vendor Payment 933,2026-02-08
TX-00934,1537.2,Vendor Payment 934,2026-02-08
TX-00935,2872.59,Vendor Payment 935,2026-02-08
TX-00936,1597.44,Vendor Payment 936,2026-02-09
TX-00937,4835.82,Vendor Payment 937,2026-02-09
TX-00938,622.85,Vendor Payment 938,2026-02-09
TX-00939,203.59,Vendor Payment 939,2026-02-09
TX-00940,305.55,Vendor Payment 940,2026-02-09
TX-00941,2964.71,Vendor Payment 941,2026-02-09
TX-00942,4330.95,Vendor Payment 942,2026-02-09
TX-00943,4486.99,Vendor Payment 943,2026-02-09
TX-00944,712.0,Vendor Payment 944,2026-02-09
TX-00945,3908.8,Vendor Payment 945,2026-02-09
TX-00946,3208.48,Vendor Payment 946,2026-02-09
TX-00947,2571.26,Vendor Payment 947,2026-02-09
TX-00948,4528.5,Vendor Payment 948,2026-02-09
TX-00949,4573.37,Vendor Payment 949,2026-02-09
TX-00950,487.23,Vendor Payment 950,2026-02-09
TX-00951,4683.7,Vendor Payment 951,2026-02-09
TX-00952,2640.34,Vendor Payment 952,2026-02-09
TX-00953,4662.75,Vendor Payment 953,2026-02-09
TX-00954,2655.15,Vendor Payment 954,2026-02-09
TX-00955,976.79,Vendor Payment 955,2026-02-09
TX-00956,396.41,Vendor Payment 956,2026-02-09
TX-00957,492.23,Vendor Payment 957,2026-02-09
TX-00958,1321.04,Vendor Payment 958,2026-02-09
TX-00959,2842.91,Vendor Payment 959,2026-02-09
TX-00960,4440.25,Vendor Payment 960,2026-02-10
TX-00961,313.49,Vendor Payment 961,2026-02-10
TX-00962,80.25,Vendor Payment 962,2026-02-10
TX-00963,1225.81,Vendor Payment 963,2026-02-10
TX-00964,1249.03,Vendor Payment 964,2026-02-10
TX-00965,3350.51,Vendor Payment 965,2026-02-10
TX-00966,1679.55,Vendor Payment 966,2026-02-10
TX-00967,4052.26,Vendor Payment 967,2026-02-10
TX-00968,3295.82,Vendor Payment 968,2026-02-10
TX-00969,2443.17,Vendor Payment 969,2026-02-10
TX-00970,1349.31,Vendor Payment 970,2026-02-10
TX-00971,1381.55,Vendor Payment 971,2026-02-10
TX-00972,666.41,Vendor Payment 972,2026-02-10
TX-00973,3726.85,Vendor Payment 973,2026-02-10
TX-00974,1714.19,Vendor Payment 974,2026-02-10
TX-00975,1683.04,Vendor Payment 975,2026-02-10
TX-00976,2209.54,Vendor Payment 976,2026-02-10
TX-00977,2279.38,Vendor Payment 977,2026-02-10
TX-00978,110.48,Vendor Payment 978,2026-02-10
TX-00979,4895.14,Vendor Payment 979,2026-02-10
TX-00980,2275.34,Vendor Payment 980,2026-02-10
TX-00981,2386.27,Vendor Payment 981,2026-02-10
TX-00982,121.69,Vendor Payment 982,2026-02-10
TX-00983,1822.08,Vendor Payment 983,2026-02-10
TX-00984,3867.64,Vendor Payment 984,2026-02-11
TX-00985,4881.53,Vendor Payment 985,2026-02-11
TX-00986,115.82,Vendor Payment 986,2026-02-11
TX-00987,641.01,Vendor Payment 987,2026-02-11
TX-00988,390.67,Vendor Payment 988,2026-02-11
TX-00989,4159.12,Vendor Payment 989,2026-02-11
TX-00990,772.5,Vendor Payment 990,2026-02-11
TX-00991,23.88,Vendor Payment 991,2026-02-11
TX-00992,590.81,Vendor Payment 992,2026-02-11
TX-00993,1171.58,Vendor Payment 993,2026-02-11
TX-00994,4699.39,Vendor Payment 994,2026-02-11
TX-00995,2460.49,Vendor Payment 995,2026-02-11
TX-00996,3921.09,Vendor Payment 996,2026-02-11
TX-00997,3265.26,Vendor Payment 997,2026-02-11
TX-00998,1818.25,Vendor Payment 998,2026-02-11
TX-00999,2476.34,Vendor Payment 999,2026-02-11
TX-01000,890.49,Vendor Payment 1000,2026-02-11
TX-01001,368.4,Vendor Payment 1001,2026-02-11
TX-01002,3714.21,Vendor Payment 1002,2026-02-11
TX-01003,2077.3,Vendor Payment 1003,2026-02-11
TX-01004,622.26,Vendor Payment 1004,2026-02-11
TX-01005,2118.15,Vendor Payment 1005,2026-02-11
TX-01006,2786.04,Vendor Payment 1006,2026-02-11
TX-01007,2277.05,Vendor Payment 1007,2026-02-11
TX-01008,1760.64,Vendor Payment 1008,2026-02-12
TX-01009,3591.54,Vendor Payment 1009,2026-02-12
TX-01010,2025.54,Vendor Payment 1010,2026-02-12
TX-01011,4163.52,Vendor Payment 1011,2026-02-12
TX-01012,4504.52,Vendor Payment 1012,2026-02-12
TX-01013,4355.01,Vendor Payment 1013,2026-02-12
TX-01014,1884.59,Vendor Payment 1014,2026-02-12
TX-01015,4479.85,Vendor Payment 1015,2026-02-12
TX-01016,2769.17,Vendor Payment 1016,2026-02-12
TX-01017,443.19,Vendor Payment 1017,2026-02-12
TX-01018,3700.41,Vendor Payment 1018,2026-02-12
TX-01019,854.89,Vendor Payment 1019,2026-02-12
TX-01020,228.0,Vendor Payment 1020,2026-02-12
TX-01021,723.29,Vendor Payment 1021,2026-02-12
TX-01022,2668.28,Vendor Payment 1022,2026-02-12
TX-01023,1086.94,Vendor Payment 1023,2026-02-12
TX-01024,3817.94,Vendor Payment 1024,2026-02-12
TX-01025,3084.18,Vendor Payment 1025,2026-02-12
TX-01026,4485.2,Vendor Payment 1026,2026-02-12
TX-01027,453.3,Vendor Payment 1027,2026-02-12
TX-01028,1565.45,Vendor Payment 1028,2026-02-12
TX-01029,553.46,Vendor Payment 1029,2026-02-12
TX-01030,762.28,Vendor Payment 1030,2026-02-12
TX-01031,2934.38,Vendor Payment 1031,2026-02-12
TX-01032,4537.6,Vendor Payment 1032,2026-02-13
TX-01033,3518.58,Vendor Payment 1033,2026-02-13
TX-01034,4548.34,Vendor Payment 1034,2026-02-13
TX-01035,4104.39,Vendor Payment 1035,2026-02-13
TX-01036,1090.8,Vendor Payment 1036,2026-02-13
TX-01037,299.98,Vendor Payment 1037,2026-02-13
TX-01038,727.39,Vendor Payment 1038,2026-02-13
TX-01039,2298.52,Vendor Payment 1039,2026-02-13
TX-01040,3838.42,Vendor Payment 1040,2026-02-13
TX-01041,1259.85,Vendor Payment 1041,2026-02-13
TX-01042,1346.67,Vendor Payment 1042,2026-02-13
TX-01043,4551.89,Vendor Payment 1043,2026-02-13
TX-01044,966.64,Vendor Payment 1044,2026-02-13
TX-01045,2718.45,Vendor Payment 1045,2026-02-13
TX-01046,159.97,Vendor Payment 1046,2026-02-13
TX-01047,3883.33,Vendor Payment 1047,2026-02-13
TX-01048,1221.37,Vendor Payment 1048,2026-02-13
TX-01049,1238.14,Vendor Payment 1049,2026-02-13
TX-01050,4866.18,Vendor Payment 1050,2026-02-13
TX-01051,4969.53,Vendor Payment 1051,2026-02-13
TX-01052,1363.07,Vendor Payment 1052,2026-02-13
TX-01053,968.34,Vendor Payment 1053,2026-02-13
TX-01054,1744.56,Vendor Payment 1054,2026-02-13
TX-01055,2332.37,Vendor Payment 1055,2026-02-13
TX-01056,1606.86,Vendor Payment 1056,2026-02-14
TX-01057,3947.35,Vendor Payment 1057,2026-02-14
TX-01058,4206.73,Vendor Payment 1058,2026-02-14
TX-01059,1267.13,Vendor Payment 1059,2026-02-14
TX-01060,4070.65,Vendor Payment 1060,2026-02-14
TX-01061,2555.41,Vendor Payment 1061,2026-02-14
TX-01062,2077.6,Vendor Payment 1062,2026-02-14
TX-01063,1616.97,Vendor Payment 1063,2026-02-14
TX-01064,666.57,Vendor Payment 1064,2026-02-14
TX-01065,3463.55,Vendor Payment 1065,2026-02-14
TX-01066,1280.06,Vendor Payment 1066,2026-02-14
TX-01067,817.56,Vendor Payment 1067,2026-02-14
TX-01068,2958.77,Vendor Payment 1068,2026-02-14
TX-01069,3148.02,Vendor Payment 1069,2026-02-14
TX-01070,1372.53,Vendor Payment 1070,2026-02-14
TX-01071,1015.07,Vendor Payment 1071,2026-02-14
TX-01072,3892.19,Vendor Payment 1072,2026-02-14
TX-01073,4523.27,Vendor Payment 1073,2026-02-14
TX-01074,1991.05,Vendor Payment 1074,2026-02-14
TX-01075,211.64,Vendor Payment 1075,2026-02-14
TX-01076,2355.99,Vendor Payment 1076,2026-02-14
TX-01077,3885.96,Vendor Payment 1077,2026-02-14
TX-01078,1386.8,Vendor Payment 1078,2026-02-14
TX-01079,3959.42,Vendor Payment 1079,2026-02-14
TX-01080,2725.31,Vendor Payment 1080,2026-02-15
TX-01081,1993.59,Vendor Payment 1081,2026-02-15
TX-01082,4242.84,Vendor Payment 1082,2026-02-15
TX-01083,3718.39,Vendor Payment 1083,2026-02-15
TX-01084,3978.39,Vendor Payment 1084,2026-02-15
TX-01085,4800.7,Vendor Payment 1085,2026-02-15
TX-01086,3792.45,Vendor Payment 1086,2026-02-15
TX-01087,4451.4,Vendor Payment 1087,2026-02-15
TX-01088,2339.19,Vendor Payment 1088,2026-02-15
TX-01089,1565.28,Vendor Payment 1089,2026-02-15
TX-01090,2458.1,Vendor Payment 1090,2026-02-15
TX-01091,2420.1,Vendor Payment 1091,2026-02-15
TX-01092,1108.98,Vendor Payment 1092,2026-02-15
TX-01093,1663.96,Vendor Payment 1093,2026-02-15
TX-01094,2648.71,Vendor Payment 1094,2026-02-15
TX-01095,2635.67,Vendor Payment 1095,2026-02-15
TX-01096,3927.89,Vendor Payment 1096,2026-02-15
TX-01097,418.41,Vendor Payment 1097,2026-02-15
TX-01098,2862.33,Vendor Payment 1098,2026-02-15
TX-01099,2721.72,Vendor Payment 1099,2026-02-15
TX-01100,3773.37,Vendor Payment 1100,2026-02-15
TX-01101,4953.43,Vendor Payment 1101,2026-02-15
TX-01102,2714.3,Vendor Payment 1102,2026-02-15
TX-01103,4339.15,Vendor Payment 1103,2026-02-15
TX-01104,4475.09,Vendor Payment 1104,2026-02-16
TX-01105,676.04,Vendor Payment 1105,2026-02-16
TX-01106,1544.59,Vendor Payment 1106,2026-02-16
TX-01107,1965.17,Vendor Payment 1107,2026-02-16
TX-01108,2911.86,Vendor Payment 1108,2026-02-16
TX-01109,4975.72,Vendor Payment 1109,2026-02-16
TX-01110,3385.0,Vendor Payment 1110,2026-02-16
TX-01111,960.99,Vendor Payment 1111,2026-02-16
TX-01112,4139.03,Vendor Payment 1112,2026-02-16
TX-01113,2465.09,Vendor Payment 1113,2026-02-16
TX-01114,4028.86,Vendor Payment 1114,2026-02-16
TX-01115,1602.17,Vendor Payment 1115,2026-02-16
TX-01116,3137.1,Vendor Payment 1116,2026-02-16
TX-01117,3518.59,Vendor Payment 1117,2026-02-16
TX-01118,2099.2,Vendor Payment 1118,2026-02-16
TX-01119,1355.53,Vendor Payment 1119,2026-02-16
TX-01120,1581.46,Vendor Payment 1120,2026-02-16
TX-01121,3286.89,Vendor Payment 1121,2026-02-16
TX-01122,2025.37,Vendor Payment 1122,2026-02-16
TX-01123,1771.65,Vendor Payment 1123,2026-02-16
TX-01124,3582.47,Vendor Payment 1124,2026-02-16
TX-01125,4615.89,Vendor Payment 1125,2026-02-16
TX-01126,97.45,Vendor Payment 1126,2026-02-16
TX-01127,3732.3,Vendor Payment 1127,2026-02-16
TX-01128,2471.12,Vendor Payment 1128,2026-02-17
TX-01129,154.09,Vendor Payment 1129,2026-02-17
TX-01130,3342.11,Vendor Payment 1130,2026-02-17
TX-01131,4260.99,Vendor Payment 1131,2026-02-17
TX-01132,2425.6,Vendor Payment 1132,2026-02-17
TX-01133,1947.61,Vendor Payment 1133,2026-02-17
TX-01134,2908.81,Vendor Payment 1134,2026-02-17
TX-01135,1198.64,Vendor Payment 1135,2026-02-17
TX-01136,2597.21,Vendor Payment 1136,2026-02-17
TX-01137,3854.32,Vendor Payment 1137,2026-02-17
TX-01138,4336.31,Vendor Payment 1138,2026-02-17
TX-01139,1690.45,Vendor Payment 1139,2026-02-17
TX-01140,2253.23,Vendor Payment 1140,2026-02-17
TX-01141,4953.19,Vendor Payment 1141,2026-02-17
TX-01142,60.68,Vendor Payment 1142,2026-02-17
TX-01143,4573.73,Vendor Payment 1143,2026-02-17
TX-01144,985.63,Vendor Payment 1144,2026-02-17
TX-01145,2819.71,Vendor Payment 1145,2026-02-17
TX-01146,2027.03,Vendor Payment 1146,2026-02-17
TX-01147,2009.86,Vendor Payment 1147,2026-02-17
TX-01148,2170.41,Vendor Payment 1148,2026-02-17
TX-01149,1956.69,Vendor Payment 1149,2026-02-17
TX-01150,1574.63,Vendor Payment 1150,2026-02-17
TX-01151,3840.93,Vendor Payment 1151,2026-02-17
TX-01152,498.01,Vendor Payment 1152,2026-02-18
TX-01153,1066.32,Vendor Payment 1153,2026-02-18
TX-01154,2021.73,Vendor Payment 1154,2026-02-18
TX-01155,2165.88,Vendor Payment 1155,2026-02-18
TX-01156,1087.08,Vendor Payment 1156,2026-02-18
TX-01157,3800.96,Vendor Payment 1157,2026-02-18
TX-01158,3557.38,Vendor Payment 1158,2026-02-18
TX-01159,233.76,Vendor Payment 1159,2026-02-18
TX-01160,3124.42,Vendor Payment 1160,2026-02-18
TX-01161,1429.21,Vendor Payment 1161,2026-02-18
TX-01162,4845.23,Vendor Payment 1162,2026-02-18
TX-01163,4892.61,Vendor Payment 1163,2026-02-18
TX-01164,3169.19,Vendor Payment 1164,2026-02-18
TX-01165,1573.33,Vendor Payment 1165,2026-02-18
TX-01166,3010.43,Vendor Payment 1166,2026-02-18
TX-01167,2932.75,Vendor Payment 1167,2026-02-18
TX-01168,2822.57,Vendor Payment 1168,2026-02-18
TX-01169,2662.96,Vendor Payment 1169,2026-02-18
TX-01170,1266.85,Vendor Payment 1170,2026-02-18
TX-01171,4422.26,Vendor Payment 1171,2026-02-18
TX-01172,1978.77,Vendor Payment 1172,2026-02-18
TX-01173,4839.99,Vendor Payment 1173,2026-02-18
TX-01174,2827.62,Vendor Payment 1174,2026-02-18
TX-01175,2472.42,Vendor Payment 1175,2026-02-18
TX-01176,1975.8,Vendor Payment 1176,2026-02-19
TX-01177,1787.28,Vendor Payment 1177,2026-02-19
TX-01178,4205.5,Vendor Payment 1178,2026-02-19
TX-01179,517.81,Vendor Payment 1179,2026-02-19
TX-01180,4754.03,Vendor Payment 1180,2026-02-19
TX-01181,215.56,Vendor Payment 1181,2026-02-19
TX-01182,2080.49,Vendor Payment 1182,2026-02-19
TX-01183,594.14,Vendor Payment 1183,2026-02-19
TX-01184,1402.65,Vendor Payment 1184,2026-02-19
TX-01185,1492.44,Vendor Payment 1185,2026-02-19
TX-01186,1044.24,Vendor Payment 1186,2026-02-19
TX-01187,3589.6,Vendor Payment 1187,2026-02-19
TX-01188,722.59,Vendor Payment 1188,2026-02-19
TX-01189,1606.75,Vendor Payment 1189,2026-02-19
TX-01190,4121.21,Vendor Payment 1190,2026-02-19
TX-01191,1390.8,Vendor Payment 1191,2026-02-19
TX-01192,4104.35,Vendor Payment 1192,2026-02-19
TX-01193,148.22,Vendor Payment 1193,2026-02-19
TX-01194,3487.55,Vendor Payment 1194,2026-02-19
