opportunity_id,amount,customer_name,close_date
OPP-10000,40364.97,Customer_80 Inc.,2025-01-01
OPP-10001,36247.09,Customer_191 Inc.,2025-01-01
OPP-10002,31721.45,Customer_79 Inc.,2025-01-01
OPP-10003,3488.95,Customer_72 Inc.,2025-01-01
OPP-10004,36073.69,Customer_51 Inc.,2025-01-01
OPP-10005,14141.93,Customer_81 Inc.,2025-01-01
OPP-10006,13001.73,Customer_75 Inc.,2025-01-01
OPP-10007,13780.02,Customer_19 Inc.,2025-01-01
OPP-10008,25092.77,Customer_135 Inc.,2025-01-01
OPP-10009,26029.03,Customer_39 Inc.,2025-01-01
OPP-10010,19699.27,Customer_85 Inc.,2025-01-01
OPP-10011,784.41,Customer_27 Inc.,2025-01-01
OPP-10012,11954.85,Customer_31 Inc.,2025-01-01
OPP-10013,12882.59,Customer_45 Inc.,2025-01-01
OPP-10014,6500.11,Customer_50 Inc.,2025-01-01
OPP-10015,47116.89,Customer_88 Inc.,2025-01-01
OPP-10016,5540.28,Customer_185 Inc.,2025-01-01
OPP-10017,5975.93,Customer_40 Inc.,2025-01-01
OPP-10018,24230.31,Customer_28 Inc.,2025-01-01
OPP-10019,18779.8,Customer_30 Inc.,2025-01-01
OPP-10020,5836.75,Customer_74 Inc.,2025-01-01
OPP-10021,12865.71,Customer_55 Inc.,2025-01-01
OPP-10022,3889.3,Customer_167 Inc.,2025-01-01
OPP-10023,41959.3,Customer_54 Inc.,2025-01-01
OPP-10024,28043.77,Customer_149 Inc.,2025-01-02
OPP-10025,17978.24,Customer_69 Inc.,2025-01-02
OPP-10026,33068.57,Customer_80 Inc.,2025-01-02
OPP-10027,9298.02,Customer_37 Inc.,2025-01-02
OPP-10028,4919.97,Customer_148 Inc.,2025-01-02
OPP-10029,18953.74,Customer_55 Inc.,2025-01-02
OPP-10030,7840.27,Customer_165 Inc.,2025-01-02
OPP-10031,43782.38,Customer_47 Inc.,2025-01-02
OPP-10032,33054.49,Customer_36 Inc.,2025-01-02
OPP-10033,48917.44,Customer_133 Inc.,2025-01-02
OPP-10034,18215.88,Customer_28 Inc.,2025-01-02
OPP-10035,27737.43,Customer_18 Inc.,2025-01-02
OPP-10036,11916.39,Customer_35 Inc.,2025-01-02
OPP-10037,6468.29,Customer_39 Inc.,2025-01-02
OPP-10038,44943.52,Customer_69 Inc.,2025-01-02
OPP-10039,17005.9,Customer_50 Inc.,2025-01-02
OPP-10040,5831.84,Customer_74 Inc.,2025-01-02
OPP-10041,13127.93,Customer_200 Inc.,2025-01-02
OPP-10042,43549.79,Customer_177 Inc.,2025-01-02
OPP-10043,3629.0,Customer_130 Inc.,2025-01-02
OPP-10044,10867.34,Customer_165 Inc.,2025-01-02
OPP-10045,23441.2,Customer_154 Inc.,2025-01-02
OPP-10046,13713.0,Customer_156 Inc.,2025-01-02
OPP-10047,11670.01,Customer_109 Inc.,2025-01-02
OPP-10048,18563.94,Customer_178 Inc.,2025-01-03
OPP-10049,7904.46,Customer_51 Inc.,2025-01-03
OPP-10050,48091.6,Customer_71 Inc.,2025-01-03
OPP-10051,15851.06,Customer_17 Inc.,2025-01-03
OPP-10052,32799.13,Customer_29 Inc.,2025-01-03
OPP-10053,10979.68,Customer_116 Inc.,2025-01-03
OPP-10054,29178.15,Customer_157 Inc.,2025-01-03
OPP-10055,46044.48,Customer_167 Inc.,2025-01-03
OPP-10056,33851.28,Customer_38 Inc.,2025-01-03
OPP-10057,47162.96,Customer_71 Inc.,2025-01-03
OPP-10058,16365.83,Customer_168 Inc.,2025-01-03
OPP-10059,15514.9,Customer_101 Inc.,2025-01-03
OPP-10060,24023.37,Customer_176 Inc.,2025-01-03
OPP-10061,40256.03,Customer_115 Inc.,2025-01-03
OPP-10062,39699.15,Customer_195 Inc.,2025-01-03
OPP-10063,20470.84,Customer_163 Inc.,2025-01-03
OPP-10064,21091.79,Customer_133 Inc.,2025-01-03
OPP-10065,44937.23,Customer_144 Inc.,2025-01-03
OPP-10066,7405.75,Customer_2 Inc.,2025-01-03
OPP-10067,22098.26,Customer_186 Inc.,2025-01-03
OPP-10068,2839.43,Customer_68 Inc.,2025-01-03
OPP-10069,31361.5,Customer_59 Inc.,2025-01-03
OPP-10070,15466.65,Customer_142 Inc.,2025-01-03
OPP-10071,10770.47,Customer_139 Inc.,2025-01-03
OPP-10072,16224.83,Customer_174 Inc.,2025-01-04
OPP-10073,5334.29,Customer_55 Inc.,2025-01-04
OPP-10074,30179.22,Customer_92 Inc.,2025-01-04
OPP-10075,21158.14,Customer_97 Inc.,2025-01-04
OPP-10076,23256.92,Customer_164 Inc.,2025-01-04
OPP-10077,19041.35,Customer_53 Inc.,2025-01-04
OPP-10078,23457.38,Customer_167 Inc.,2025-01-04
OPP-10079,6591.63,Customer_3 Inc.,2025-01-04
OPP-10080,25034.39,Customer_52 Inc.,2025-01-04
OPP-10081,1686.89,Customer_198 Inc.,2025-01-04
OPP-10082,18122.6,Customer_36 Inc.,2025-01-04
OPP-10083,9123.48,Customer_69 Inc.,2025-01-04
OPP-10084,46241.49,Customer_64 Inc.,2025-01-04
OPP-10085,48916.1,Customer_54 Inc.,2025-01-04
OPP-10086,48678.28,Customer_154 Inc.,2025-01-04
OPP-10087,31394.02,Customer_126 Inc.,2025-01-04
OPP-10088,11302.42,Customer_78 Inc.,2025-01-04
OPP-10089,2502.2,Customer_99 Inc.,2025-01-04
OPP-10090,38482.7,Customer_95 Inc.,2025-01-04
OPP-10091,15565.11,Customer_10 Inc.,2025-01-04
OPP-10092,1180.71,Customer_95 Inc.,2025-01-04
OPP-10093,29914.49,Customer_107 Inc.,2025-01-04
OPP-10094,36693.05,Customer_88 Inc.,2025-01-04
OPP-10095,46180.46,Customer_118 Inc.,2025-01-04
OPP-10096,27167.21,Customer_168 Inc.,2025-01-05
OPP-10097,21671.43,Customer_166 Inc.,2025-01-05
OPP-10098,41050.19,Customer_111 Inc.,2025-01-05
OPP-10099,21626.81,Customer_190 Inc.,2025-01-05
OPP-10100,5057.88,Customer_110 Inc.,2025-01-05
OPP-10101,12149.16,Customer_92 Inc.,2025-01-05
OPP-10102,45845.47,Customer_130 Inc.,2025-01-05
OPP-10103,3998.71,Customer_139 Inc.,2025-01-05
OPP-10104,15368.87,Customer_144 Inc.,2025-01-05
OPP-10105,26799.88,Customer_127 Inc.,2025-01-05
OPP-10106,38207.56,Customer_87 Inc.,2025-01-05
OPP-10107,46303.28,Customer_90 Inc.,2025-01-05
OPP-10108,33913.37,Customer_147 Inc.,2025-01-05
OPP-10109,15734.6,Customer_51 Inc.,2025-01-05
OPP-10110,8196.96,Customer_149 Inc.,2025-01-05
OPP-10111,11732.65,Customer_172 Inc.,2025-01-05
OPP-10112,44798.28,Customer_6 Inc.,2025-01-05
OPP-10113,11781.4,Customer_192 Inc.,2025-01-05
OPP-10114,29146.54,Customer_38 Inc.,2025-01-05
OPP-10115,14775.26,Customer_170 Inc.,2025-01-05
OPP-10116,22288.53,Customer_114 Inc.,2025-01-05
OPP-10117,35616.58,Customer_24 Inc.,2025-01-05
OPP-10118,10992.17,Customer_161 Inc.,2025-01-05
OPP-10119,49273.85,Customer_127 Inc.,2025-01-05
OPP-10120,9144.66,Customer_160 Inc.,2025-01-06
OPP-10121,3618.53,Customer_164 Inc.,2025-01-06
OPP-10122,9604.63,Customer_92 Inc.,2025-01-06
OPP-10123,15642.86,Customer_80 Inc.,2025-01-06
OPP-10124,43236.42,Customer_32 Inc.,2025-01-06
OPP-10125,39502.67,Customer_164 Inc.,2025-01-06
OPP-10126,24983.15,Customer_63 Inc.,2025-01-06
OPP-10127,38348.17,Customer_51 Inc.,2025-01-06
OPP-10128,39546.15,Customer_62 Inc.,2025-01-06
OPP-10129,1912.08,Customer_112 Inc.,2025-01-06
OPP-10130,4691.72,Customer_82 Inc.,2025-01-06
OPP-10131,29167.77,Customer_79 Inc.,2025-01-06
OPP-10132,6297.23,Customer_16 Inc.,2025-01-06
OPP-10133,35459.6,Customer_78 Inc.,2025-01-06
OPP-10134,3548.79,Customer_98 Inc.,2025-01-06
OPP-10135,37325.84,Customer_34 Inc.,2025-01-06
OPP-10136,49857.07,Customer_154 Inc.,2025-01-06
OPP-10137,31412.66,Customer_104 Inc.,2025-01-06
OPP-10138,3259.95,Customer_165 Inc.,2025-01-06
OPP-10139,33983.39,Customer_179 Inc.,2025-01-06
OPP-10140,8978.26,Customer_12 Inc.,2025-01-06
OPP-10141,9025.58,Customer_87 Inc.,2025-01-06
OPP-10142,46786.36,Customer_152 Inc.,2025-01-06
OPP-10143,4002.1,Customer_91 Inc.,2025-01-06
OPP-10144,35064.34,Customer_105 Inc.,2025-01-07
OPP-10145,19005.55,Customer_14 Inc.,2025-01-07
OPP-10146,7336.79,Customer_1 Inc.,2025-01-07
OPP-10147,11431.31,Customer_111 Inc.,2025-01-07
OPP-10148,4941.95,Customer_36 Inc.,2025-01-07
OPP-10149,6453.68,Customer_6 Inc.,2025-01-07
OPP-10150,30159.28,Customer_154 Inc.,2025-01-07
OPP-10151,17441.61,Customer_123 Inc.,2025-01-07
OPP-10152,47579.39,Customer_197 Inc.,2025-01-07
OPP-10153,40726.66,Customer_200 Inc.,2025-01-07
OPP-10154,12014.14,Customer_130 Inc.,2025-01-07
OPP-10155,36717.72,Customer_84 Inc.,2025-01-07
OPP-10156,25511.31,Customer_74 Inc.,2025-01-07
OPP-10157,37562.76,Customer_21 Inc.,2025-01-07
OPP-10158,41217.97,Customer_60 Inc.,2025-01-07
OPP-10159,32920.52,Customer_152 Inc.,2025-01-07
OPP-10160,7601.37,Customer_149 Inc.,2025-01-07
OPP-10161,38172.41,Customer_22 Inc.,2025-01-07
OPP-10162,17489.36,Customer_174 Inc.,2025-01-07
OPP-10163,24244.42,Customer_129 Inc.,2025-01-07
OPP-10164,33296.42,Customer_95 Inc.,2025-01-07
OPP-10165,15654.11,Customer_38 Inc.,2025-01-07
OPP-10166,42354.64,Customer_64 Inc.,2025-01-07
OPP-10167,31352.36,Customer_124 Inc.,2025-01-07
OPP-10168,13943.14,Customer_77 Inc.,2025-01-08
OPP-10169,40075.96,Customer_33 Inc.,2025-01-08
OPP-10170,23448.81,Customer_161 Inc.,2025-01-08
OPP-10171,46303.46,Customer_65 Inc.,2025-01-08
OPP-10172,8448.76,Customer_70 Inc.,2025-01-08
OPP-10173,20858.28,Customer_20 Inc.,2025-01-08
OPP-10174,28732.57,Customer_197 Inc.,2025-01-08
OPP-10175,39468.8,Customer_50 Inc.,2025-01-08
OPP-10176,42486.34,Customer_98 Inc.,2025-01-08
OPP-10177,18525.76,Customer_100 Inc.,2025-01-08
OPP-10178,45186.69,Customer_158 Inc.,2025-01-08
OPP-10179,7551.1,Customer_39 Inc.,2025-01-08
OPP-10180,18659.17,Customer_76 Inc.,2025-01-08
OPP-10181,28941.64,Customer_61 Inc.,2025-01-08
OPP-10182,10350.73,Customer_179 Inc.,2025-01-08
OPP-10183,22041.8,Customer_22 Inc.,2025-01-08
OPP-10184,41834.68,Customer_16 Inc.,2025-01-08
OPP-10185,7710.12,Customer_67 Inc.,2025-01-08
OPP-10186,13977.94,Customer_149 Inc.,2025-01-08
OPP-10187,7112.77,Customer_49 Inc.,2025-01-08
OPP-10188,20245.44,Customer_35 Inc.,2025-01-08
OPP-10189,26574.32,Customer_9 Inc.,2025-01-08
OPP-10190,5742.91,Customer_132 Inc.,2025-01-08
OPP-10191,22228.74,Customer_66 Inc.,2025-01-08
OPP-10192,4026.2,Customer_163 Inc.,2025-01-09
OPP-10193,30543.93,Customer_132 Inc.,2025-01-09
OPP-10194,35225.32,Customer_89 Inc.,2025-01-09
OPP-10195,43187.88,Customer_164 Inc.,2025-01-09
OPP-10196,12804.73,Customer_147 Inc.,2025-01-09
OPP-10197,36754.94,Customer_87 Inc.,2025-01-09
OPP-10198,18025.47,Customer_162 Inc.,2025-01-09
OPP-10199,49437.93,Customer_76 Inc.,2025-01-09
OPP-10200,11031.63,Customer_29 Inc.,2025-01-09
OPP-10201,38019.65,Customer_107 Inc.,2025-01-09
OPP-10202,17412.76,Customer_122 Inc.,2025-01-09
OPP-10203,43828.17,Customer_6 Inc.,2025-01-09
OPP-10204,44470.71,Customer_11 Inc.,2025-01-09
OPP-10205,37530.79,Customer_105 Inc.,2025-01-09
OPP-10206,20384.84,Customer_188 Inc.,2025-01-09
OPP-10207,26049.78,Customer_61 Inc.,2025-01-09
OPP-10208,42371.36,Customer_153 Inc.,2025-01-09
OPP-10209,18897.84,Customer_151 Inc.,2025-01-09
OPP-10210,44836.43,Customer_55 Inc.,2025-01-09
OPP-10211,47430.9,Customer_17 Inc.,2025-01-09
OPP-10212,49557.74,Customer_51 Inc.,2025-01-09
OPP-10213,10016.39,Customer_25 Inc.,2025-01-09
OPP-10214,44900.6,Customer_136 Inc.,2025-01-09
OPP-10215,47022.35,Customer_186 Inc.,2025-01-09
OPP-10216,33906.06,Customer_196 Inc.,2025-01-10
OPP-10217,30393.39,Customer_31 Inc.,2025-01-10
OPP-10218,3628.77,Customer_89 Inc.,2025-01-10
OPP-10219,3731.12,Customer_125 Inc.,2025-01-10
OPP-10220,38526.2,Customer_171 Inc.,2025-01-10
OPP-10221,42472.7,Customer_73 Inc.,2025-01-10
OPP-10222,31125.21,Customer_125 Inc.,2025-01-10
OPP-10223,15204.13,Customer_2 Inc.,2025-01-10
OPP-10224,15392.56,Customer_72 Inc.,2025-01-10
OPP-10225,24720.44,Customer_35 Inc.,2025-01-10
OPP-10226,20309.17,Customer_27 Inc.,2025-01-10
OPP-10227,46611.04,Customer_135 Inc.,2025-01-10
OPP-10228,28176.2,Customer_188 Inc.,2025-01-10
OPP-10229,31989.74,Customer_41 Inc.,2025-01-10
OPP-10230,38490.45,Customer_198 Inc.,2025-01-10
OPP-10231,13591.4,Customer_177 Inc.,2025-01-10
OPP-10232,26004.37,Customer_69 Inc.,2025-01-10
OPP-10233,17893.78,Customer_51 Inc.,2025-01-10
OPP-10234,9534.71,Customer_139 Inc.,2025-01-10
OPP-10235,15350.42,Customer_163 Inc.,2025-01-10
OPP-10236,49536.04,Customer_35 Inc.,2025-01-10
OPP-10237,36231.23,Customer_126 Inc.,2025-01-10
OPP-10238,12688.18,Customer_30 Inc.,2025-01-10
OPP-10239,4216.6,Customer_119 Inc.,2025-01-10
OPP-10240,5241.57,Customer_18 Inc.,2025-01-11
OPP-10241,33109.48,Customer_100 Inc.,2025-01-11
OPP-10242,8769.27,Customer_175 Inc.,2025-01-11
OPP-10243,17505.6,Customer_183 Inc.,2025-01-11
OPP-10244,36960.61,Customer_92 Inc.,2025-01-11
OPP-10245,12494.44,Customer_167 Inc.,2025-01-11
OPP-10246,14951.44,Customer_88 Inc.,2025-01-11
OPP-10247,1643.05,Customer_126 Inc.,2025-01-11
OPP-10248,13374.79,Customer_27 Inc.,2025-01-11
OPP-10249,4658.95,Customer_148 Inc.,2025-01-11
OPP-10250,33540.24,Customer_71 Inc.,2025-01-11
OPP-10251,41784.56,Customer_172 Inc.,2025-01-11
OPP-10252,21754.15,Customer_194 Inc.,2025-01-11
OPP-10253,11334.04,Customer_185 Inc.,2025-01-11
OPP-10254,17624.38,Customer_152 Inc.,2025-01-11
OPP-10255,11769.34,Customer_150 Inc.,2025-01-11
OPP-10256,43877.24,Customer_153 Inc.,2025-01-11
OPP-10257,49202.65,Customer_195 Inc.,2025-01-11
OPP-10258,41056.05,Customer_121 Inc.,2025-01-11
OPP-10259,1464.53,Customer_33 Inc.,2025-01-11
OPP-10260,7939.06,Customer_24 Inc.,2025-01-11
OPP-10261,27002.68,Customer_116 Inc.,2025-01-11
OPP-10262,12446.35,Customer_73 Inc.,2025-01-11
OPP-10263,47261.69,Customer_192 Inc.,2025-01-11
OPP-10264,13850.72,Customer_131 Inc.,2025-01-12
OPP-10265,20125.26,Customer_67 Inc.,2025-01-12
OPP-10266,10056.35,Customer_115 Inc.,2025-01-12
OPP-10267,47097.2,Customer_101 Inc.,2025-01-12
OPP-10268,42601.75,Customer_189 Inc.,2025-01-12
OPP-10269,39390.68,Customer_120 Inc.,2025-01-12
OPP-10270,27102.55,Customer_147 Inc.,2025-01-12
OPP-10271,8795.31,Customer_48 Inc.,2025-01-12
OPP-10272,32008.13,Customer_116 Inc.,2025-01-12
OPP-10273,20261.74,Customer_172 Inc.,2025-01-12
OPP-10274,12156.18,Customer_113 Inc.,2025-01-12
OPP-10275,30375.67,Customer_3 Inc.,2025-01-12
OPP-10276,13836.1,Customer_110 Inc.,2025-01-12
OPP-10277,32800.18,Customer_112 Inc.,2025-01-12
OPP-10278,7065.55,Customer_171 Inc.,2025-01-12
OPP-10279,42726.81,Customer_35 Inc.,2025-01-12
OPP-10280,28009.43,Customer_92 Inc.,2025-01-12
OPP-10281,11814.56,Customer_138 Inc.,2025-01-12
OPP-10282,28698.27,Customer_156 Inc.,2025-01-12
OPP-10283,26649.36,Customer_190 Inc.,2025-01-12
OPP-10284,19206.44,Customer_60 Inc.,2025-01-12
OPP-10285,14364.64,Customer_87 Inc.,2025-01-12
OPP-10286,48525.52,Customer_24 Inc.,2025-01-12
OPP-10287,13096.93,Customer_27 Inc.,2025-01-12
OPP-10288,25017.19,Customer_188 Inc.,2025-01-13
OPP-10289,25619.33,Customer_144 Inc.,2025-01-13
OPP-10290,34612.78,Customer_46 Inc.,2025-01-13
OPP-10291,29022.37,Customer_193 Inc.,2025-01-13
OPP-10292,8790.99,Customer_31 Inc.,2025-01-13
OPP-10293,5926.49,Customer_199 Inc.,2025-01-13
OPP-10294,36341.91,Customer_3 Inc.,2025-01-13
OPP-10295,47729.03,Customer_78 Inc.,2025-01-13
OPP-10296,30461.36,Customer_55 Inc.,2025-01-13
OPP-10297,8898.25,Customer_144 Inc.,2025-01-13
OPP-10298,5063.86,Customer_88 Inc.,2025-01-13
OPP-10299,11112.41,Customer_78 Inc.,2025-01-13
OPP-10300,5260.0,Customer_171 Inc.,2025-01-13
OPP-10301,17411.39,Customer_62 Inc.,2025-01-13
OPP-10302,2962.65,Customer_29 Inc.,2025-01-13
OPP-10303,1243.21,Customer_136 Inc.,2025-01-13
OPP-10304,43261.11,Customer_53 Inc.,2025-01-13
OPP-10305,41085.54,Customer_71 Inc.,2025-01-13
OPP-10306,38670.16,Customer_1 Inc.,2025-01-13
OPP-10307,47826.16,Customer_80 Inc.,2025-01-13
OPP-10308,10228.09,Customer_162 Inc.,2025-01-13
OPP-10309,11655.08,Customer_3 Inc.,2025-01-13
OPP-10310,6872.22,Customer_183 Inc.,2025-01-13
OPP-10311,33069.74,Customer_96 Inc.,2025-01-13
OPP-10312,31764.73,Customer_56 Inc.,2025-01-14
OPP-10313,10851.41,Customer_48 Inc.,2025-01-14
OPP-10314,28303.36,Customer_28 Inc.,2025-01-14
OPP-10315,16313.84,Customer_7 Inc.,2025-01-14
OPP-10316,45339.38,Customer_127 Inc.,2025-01-14
OPP-10317,39624.41,Customer_143 Inc.,2025-01-14
OPP-10318,17804.8,Customer_182 Inc.,2025-01-14
OPP-10319,40754.75,Customer_67 Inc.,2025-01-14
OPP-10320,15401.72,Customer_27 Inc.,2025-01-14
OPP-10321,21636.5,Customer_98 Inc.,2025-01-14
OPP-10322,25113.17,Customer_43 Inc.,2025-01-14
OPP-10323,682.86,Customer_70 Inc.,2025-01-14
OPP-10324,20064.17,Customer_195 Inc.,2025-01-14
OPP-10325,29956.35,Customer_87 Inc.,2025-01-14
OPP-10326,49573.53,Customer_160 Inc.,2025-01-14
OPP-10327,35221.41,Customer_35 Inc.,2025-01-14
OPP-10328,4778.94,Customer_166 Inc.,2025-01-14
OPP-10329,7634.26,Customer_44 Inc.,2025-01-14
OPP-10330,43079.11,Customer_98 Inc.,2025-01-14
OPP-10331,15735.01,Customer_125 Inc.,2025-01-14
OPP-10332,49945.94,Customer_9 Inc.,2025-01-14
OPP-10333,13676.13,Customer_49 Inc.,2025-01-14
OPP-10334,35466.86,Customer_133 Inc.,2025-01-14
OPP-10335,31261.25,Customer_90 Inc.,2025-01-14
OPP-10336,12420.21,Customer_78 Inc.,2025-01-15
OPP-10337,27581.33,Customer_193 Inc.,2025-01-15
OPP-10338,39107.11,Customer_140 Inc.,2025-01-15
OPP-10339,28398.75,Customer_48 Inc.,2025-01-15
OPP-10340,28397.89,Customer_172 Inc.,2025-01-15
OPP-10341,18027.82,Customer_21 Inc.,2025-01-15
OPP-10342,14463.21,Customer_169 Inc.,2025-01-15
OPP-10343,27711.37,Customer_110 Inc.,2025-01-15
OPP-10344,26297.65,Customer_132 Inc.,2025-01-15
OPP-10345,27066.71,Customer_13 Inc.,2025-01-15
OPP-10346,15780.83,Customer_170 Inc.,2025-01-15
OPP-10347,40466.62,Customer_101 Inc.,2025-01-15
OPP-10348,6210.4,Customer_19 Inc.,2025-01-15
OPP-10349,37487.23,Customer_199 Inc.,2025-01-15
OPP-10350,17404.17,Customer_195 Inc.,2025-01-15
OPP-10351,24019.4,Customer_126 Inc.,2025-01-15
OPP-10352,20925.52,Customer_74 Inc.,2025-01-15
OPP-10353,30367.42,Customer_152 Inc.,2025-01-15
OPP-10354,2585.39,Customer_12 Inc.,2025-01-15
OPP-10355,36762.52,Customer_106 Inc.,2025-01-15
OPP-10356,5644.35,Customer_39 Inc.,2025-01-15
OPP-10357,44725.35,Customer_76 Inc.,2025-01-15
OPP-10358,28627.29,Customer_119 Inc.,2025-01-15
OPP-10359,40846.18,Customer_117 Inc.,2025-01-15
OPP-10360,25532.09,Customer_38 Inc.,2025-01-16
OPP-10361,11792.67,Customer_130 Inc.,2025-01-16
OPP-10362,36899.64,Customer_31 Inc.,2025-01-16
OPP-10363,27163.83,Customer_135 Inc.,2025-01-16
OPP-10364,49083.28,Customer_136 Inc.,2025-01-16
OPP-10365,45920.62,Customer_70 Inc.,2025-01-16
OPP-10366,5745.44,Customer_51 Inc.,2025-01-16
OPP-10367,41247.92,Customer_83 Inc.,2025-01-16
OPP-10368,26444.56,Customer_168 Inc.,2025-01-16
OPP-10369,30027.34,Customer_73 Inc.,2025-01-16
OPP-10370,35668.77,Customer_72 Inc.,2025-01-16
OPP-10371,39343.13,Customer_59 Inc.,2025-01-16
OPP-10372,40246.26,Customer_58 Inc.,2025-01-16
OPP-10373,21028.43,Customer_93 Inc.,2025-01-16
OPP-10374,46692.87,Customer_186 Inc.,2025-01-16
OPP-10375,818.4,Customer_125 Inc.,2025-01-16
OPP-10376,17330.4,Customer_84 Inc.,2025-01-16
OPP-10377,40546.14,Customer_85 Inc.,2025-01-16
OPP-10378,31818.05,Customer_180 Inc.,2025-01-16
OPP-10379,36971.87,Customer_56 Inc.,2025-01-16
OPP-10380,26930.11,Customer_155 Inc.,2025-01-16
OPP-10381,43839.41,Customer_116 Inc.,2025-01-16
OPP-10382,14214.39,Customer_39 Inc.,2025-01-16
OPP-10383,46811.94,Customer_123 Inc.,2025-01-16
OPP-10384,14267.81,Customer_45 Inc.,2025-01-17
OPP-10385,34528.41,Customer_173 Inc.,2025-01-17
OPP-10386,44980.1,Customer_26 Inc.,2025-01-17
OPP-10387,5656.33,Customer_37 Inc.,2025-01-17
OPP-10388,28512.72,Customer_96 Inc.,2025-01-17
OPP-10389,10589.4,Customer_154 Inc.,2025-01-17
OPP-10390,38784.07,Customer_154 Inc.,2025-01-17
OPP-10391,12324.19,Customer_38 Inc.,2025-01-17
OPP-10392,37137.49,Customer_145 Inc.,2025-01-17
OPP-10393,1020.28,Customer_105 Inc.,2025-01-17
OPP-10394,4031.19,Customer_124 Inc.,2025-01-17
OPP-10395,15193.84,Customer_165 Inc.,2025-01-17
OPP-10396,9926.08,Customer_156 Inc.,2025-01-17
OPP-10397,8170.82,Customer_112 Inc.,2025-01-17
OPP-10398,21496.65,Customer_121 Inc.,2025-01-17
OPP-10399,18840.64,Customer_12 Inc.,2025-01-17
OPP-10400,12393.5,Customer_140 Inc.,2025-01-17
OPP-10401,27468.4,Customer_107 Inc.,2025-01-17
OPP-10402,29916.44,Customer_199 Inc.,2025-01-17
OPP-10403,43182.55,Customer_99 Inc.,2025-01-17
OPP-10404,31320.27,Customer_9 Inc.,2025-01-17
OPP-10405,35176.54,Customer_59 Inc.,2025-01-17
OPP-10406,32169.32,Customer_26 Inc.,2025-01-17
OPP-10407,48956.03,Customer_81 Inc.,2025-01-17
OPP-10408,32799.07,Customer_161 Inc.,2025-01-18
OPP-10409,48995.61,Customer_86 Inc.,2025-01-18
OPP-10410,24793.71,Customer_100 Inc.,2025-01-18
OPP-10411,37307.11,Customer_4 Inc.,2025-01-18
OPP-10412,42173.31,Customer_104 Inc.,2025-01-18
OPP-10413,1610.49,Customer_71 Inc.,2025-01-18
OPP-10414,32452.45,Customer_25 Inc.,2025-01-18
OPP-10415,1775.03,Customer_100 Inc.,2025-01-18
OPP-10416,17635.93,Customer_11 Inc.,2025-01-18
OPP-10417,19450.69,Customer_74 Inc.,2025-01-18
OPP-10418,28990.35,Customer_167 Inc.,2025-01-18
OPP-10419,15896.68,Customer_78 Inc.,2025-01-18
OPP-10420,41260.4,Customer_167 Inc.,2025-01-18
OPP-10421,37859.14,Customer_92 Inc.,2025-01-18
OPP-10422,36154.32,Customer_28 Inc.,2025-01-18
OPP-10423,14555.62,Customer_58 Inc.,2025-01-18
OPP-10424,9636.81,Customer_110 Inc.,2025-01-18
OPP-10425,13721.53,Customer_79 Inc.,2025-01-18
OPP-10426,23729.07,Customer_62 Inc.,2025-01-18
OPP-10427,23361.89,Customer_146 Inc.,2025-01-18
OPP-10428,5662.74,Customer_182 Inc.,2025-01-18
OPP-10429,39110.91,Customer_150 Inc.,2025-01-18
OPP-10430,10659.37,Customer_48 Inc.,2025-01-18
OPP-10431,27085.83,Customer_88 Inc.,2025-01-18
OPP-10432,21534.53,Customer_113 Inc.,2025-01-19
OPP-10433,47282.7,Customer_72 Inc.,2025-01-19
OPP-10434,44655.41,Customer_41 Inc.,2025-01-19
OPP-10435,30216.14,Customer_93 Inc.,2025-01-19
OPP-10436,49261.05,Customer_61 Inc.,2025-01-19
OPP-10437,19583.99,Customer_116 Inc.,2025-01-19
OPP-10438,44838.88,Customer_57 Inc.,2025-01-19
OPP-10439,12547.36,Customer_2 Inc.,2025-01-19
OPP-10440,11265.7,Customer_64 Inc.,2025-01-19
OPP-10441,25120.35,Customer_32 Inc.,2025-01-19
OPP-10442,19142.24,Customer_144 Inc.,2025-01-19
OPP-10443,46737.07,Customer_75 Inc.,2025-01-19
OPP-10444,2762.57,Customer_103 Inc.,2025-01-19
OPP-10445,43020.73,Customer_137 Inc.,2025-01-19
OPP-10446,10009.46,Customer_150 Inc.,2025-01-19
OPP-10447,21484.76,Customer_45 Inc.,2025-01-19
OPP-10448,2706.7,Customer_69 Inc.,2025-01-19
OPP-10449,21154.73,Customer_170 Inc.,2025-01-19
OPP-10450,12004.55,Customer_167 Inc.,2025-01-19
OPP-10451,22362.87,Customer_75 Inc.,2025-01-19
OPP-10452,9266.64,Customer_109 Inc.,2025-01-19
OPP-10453,10326.83,Customer_25 Inc.,2025-01-19
OPP-10454,39483.28,Customer_185 Inc.,2025-01-19
OPP-10455,38101.28,Customer_42 Inc.,2025-01-19
OPP-10456,37135.25,Customer_31 Inc.,2025-01-20
OPP-10457,25124.48,Customer_102 Inc.,2025-01-20
OPP-10458,5864.39,Customer_103 Inc.,2025-01-20
OPP-10459,1559.5,Customer_129 Inc.,2025-01-20
OPP-10460,27402.72,Customer_33 Inc.,2025-01-20
OPP-10461,44344.74,Customer_63 Inc.,2025-01-20
OPP-10462,9353.89,Customer_155 Inc.,2025-01-20
OPP-10463,20515.18,Customer_178 Inc.,2025-01-20
OPP-10464,15709.43,Customer_149 Inc.,2025-01-20
OPP-10465,35325.86,Customer_76 Inc.,2025-01-20
OPP-10466,30570.05,Customer_72 Inc.,2025-01-20
OPP-10467,36585.5,Customer_198 Inc.,2025-01-20
OPP-10468,13085.98,Customer_116 Inc.,2025-01-20
OPP-10469,46005.7,Customer_129 Inc.,2025-01-20
OPP-10470,39488.78,Customer_43 Inc.,2025-01-20
OPP-10471,48674.86,Customer_24 Inc.,2025-01-20
OPP-10472,49920.34,Customer_48 Inc.,2025-01-20
OPP-10473,18675.2,Customer_191 Inc.,2025-01-20
OPP-10474,3148.33,Customer_31 Inc.,2025-01-20
OPP-10475,7349.17,Customer_11 Inc.,2025-01-20
OPP-10476,24707.07,Customer_125 Inc.,2025-01-20
OPP-10477,28009.41,Customer_43 Inc.,2025-01-20
OPP-10478,15227.93,Customer_182 Inc.,2025-01-20
OPP-10479,22004.4,Customer_30 Inc.,2025-01-20
OPP-10480,41278.43,Customer_66 Inc.,2025-01-21
OPP-10481,5240.22,Customer_117 Inc.,2025-01-21
OPP-10482,48947.11,Customer_15 Inc.,2025-01-21
OPP-10483,43116.16,Customer_28 Inc.,2025-01-21
OPP-10484,20182.88,Customer_117 Inc.,2025-01-21
OPP-10485,8182.67,Customer_16 Inc.,2025-01-21
OPP-10486,43917.11,Customer_69 Inc.,2025-01-21
OPP-10487,24032.19,Customer_58 Inc.,2025-01-21
OPP-10488,13609.3,Customer_142 Inc.,2025-01-21
OPP-10489,37076.93,Customer_159 Inc.,2025-01-21
OPP-10490,39646.12,Customer_101 Inc.,2025-01-21
OPP-10491,36055.02,Customer_143 Inc.,2025-01-21
OPP-10492,41235.1,Customer_46 Inc.,2025-01-21
OPP-10493,1084.42,Customer_185 Inc.,2025-01-21
OPP-10494,5095.85,Customer_71 Inc.,2025-01-21
OPP-10495,25271.66,Customer_141 Inc.,2025-01-21
OPP-10496,11933.65,Customer_137 Inc.,2025-01-21
OPP-10497,14530.12,Customer_14 Inc.,2025-01-21
OPP-10498,41928.26,Customer_169 Inc.,2025-01-21
OPP-10499,21455.59,Customer_150 Inc.,2025-01-21
OPP-10500,28071.51,Customer_111 Inc.,2025-01-21
OPP-10501,22326.87,Customer_118 Inc.,2025-01-21
OPP-10502,2194.17,Customer_27 Inc.,2025-01-21
OPP-10503,40133.84,Customer_171 Inc.,2025-01-21
OPP-10504,22051.63,Customer_200 Inc.,2025-01-22
OPP-10505,8889.08,Customer_111 Inc.,2025-01-22
OPP-10506,33690.29,Customer_60 Inc.,2025-01-22
OPP-10507,20992.93,Customer_19 Inc.,2025-01-22
OPP-10508,28552.2,Customer_199 Inc.,2025-01-22
OPP-10509,31748.48,Customer_161 Inc.,2025-01-22
OPP-10510,6623.24,Customer_98 Inc.,2025-01-22
OPP-10511,48800.6,Customer_156 Inc.,2025-01-22
OPP-10512,34135.8,Customer_181 Inc.,2025-01-22
OPP-10513,15288.27,Customer_50 Inc.,2025-01-22
OPP-10514,8155.27,Customer_162 Inc.,2025-01-22
OPP-10515,27183.26,Customer_189 Inc.,2025-01-22
OPP-10516,23296.5,Customer_103 Inc.,2025-01-22
OPP-10517,35717.65,Customer_171 Inc.,2025-01-22
OPP-10518,42350.07,Customer_173 Inc.,2025-01-22
OPP-10519,1631.41,Customer_106 Inc.,2025-01-22
OPP-10520,48829.44,Customer_133 Inc.,2025-01-22
OPP-10521,15045.42,Customer_159 Inc.,2025-01-22
OPP-10522,25553.39,Customer_27 Inc.,2025-01-22
OPP-10523,35987.64,Customer_179 Inc.,2025-01-22
OPP-10524,37389.84,Customer_188 Inc.,2025-01-22
OPP-10525,32425.23,Customer_172 Inc.,2025-01-22
OPP-10526,6657.7,Customer_151 Inc.,2025-01-22
OPP-10527,45448.24,Customer_73 Inc.,2025-01-22
OPP-10528,39516.46,Customer_67 Inc.,2025-01-23
OPP-10529,26331.36,Customer_71 Inc.,2025-01-23
OPP-10530,16145.06,Customer_134 Inc.,2025-01-23
OPP-10531,14501.02,Customer_145 Inc.,2025-01-23
OPP-10532,43049.56,Customer_122 Inc.,2025-01-23
OPP-10533,38088.75,Customer_147 Inc.,2025-01-23
OPP-10534,1449.52,Customer_163 Inc.,2025-01-23
OPP-10535,12763.1,Customer_196 Inc.,2025-01-23
OPP-10536,16302.71,Customer_169 Inc.,2025-01-23
OPP-10537,24504.55,Customer_96 Inc.,2025-01-23
OPP-10538,8676.13,Customer_152 Inc.,2025-01-23
OPP-10539,43339.47,Customer_156 Inc.,2025-01-23
OPP-10540,5476.36,Customer_55 Inc.,2025-01-23
OPP-10541,18070.34,Customer_148 Inc.,2025-01-23
OPP-10542,20028.96,Customer_62 Inc.,2025-01-23
OPP-10543,13860.94,Customer_95 Inc.,2025-01-23
OPP-10544,34558.27,Customer_64 Inc.,2025-01-23
OPP-10545,47312.62,Customer_154 Inc.,2025-01-23
OPP-10546,44951.32,Customer_1 Inc.,2025-01-23
OPP-10547,15483.76,Customer_196 Inc.,2025-01-23
OPP-10548,38103.18,Customer_99 Inc.,2025-01-23
OPP-10549,4510.62,Customer_93 Inc.,2025-01-23
OPP-10550,41115.08,Customer_195 Inc.,2025-01-23
OPP-10551,41177.14,Customer_187 Inc.,2025-01-23
OPP-10552,41169.1,Customer_15 Inc.,2025-01-24
OPP-10553,38374.06,Customer_10 Inc.,2025-01-24
OPP-10554,30326.94,Customer_160 Inc.,2025-01-24
OPP-10555,37945.63,Customer_119 Inc.,2025-01-24
OPP-10556,25728.6,Customer_24 Inc.,2025-01-24
OPP-10557,40890.44,Customer_124 Inc.,2025-01-24
OPP-10558,25532.83,Customer_156 Inc.,2025-01-24
OPP-10559,30484.43,Customer_146 Inc.,2025-01-24
OPP-10560,2866.29,Customer_103 Inc.,2025-01-24
OPP-10561,31211.04,Customer_52 Inc.,2025-01-24
OPP-10562,6594.39,Customer_94 Inc.,2025-01-24
OPP-10563,29011.91,Customer_129 Inc.,2025-01-24
OPP-10564,7072.09,Customer_168 Inc.,2025-01-24
OPP-10565,717.85,Customer_91 Inc.,2025-01-24
OPP-10566,42573.78,Customer_179 Inc.,2025-01-24
OPP-10567,28472.33,Customer_121 Inc.,2025-01-24
OPP-10568,42316.21,Customer_62 Inc.,2025-01-24
OPP-10569,32111.4,Customer_23 Inc.,2025-01-24
OPP-10570,4132.77,Customer_151 Inc.,2025-01-24
OPP-10571,30642.48,Customer_119 Inc.,2025-01-24
OPP-10572,37028.6,Customer_162 Inc.,2025-01-24
OPP-10573,39549.85,Customer_107 Inc.,2025-01-24
OPP-10574,870.22,Customer_82 Inc.,2025-01-24
OPP-10575,16989.59,Customer_84 Inc.,2025-01-24
OPP-10576,46721.8,Customer_56 Inc.,2025-01-25
OPP-10577,8825.03,Customer_43 Inc.,2025-01-25
OPP-10578,7119.11,Customer_132 Inc.,2025-01-25
OPP-10579,14763.56,Customer_150 Inc.,2025-01-25
OPP-10580,6852.76,Customer_15 Inc.,2025-01-25
OPP-10581,31961.38,Customer_173 Inc.,2025-01-25
OPP-10582,26465.89,Customer_78 Inc.,2025-01-25
OPP-10583,14814.41,Customer_1 Inc.,2025-01-25
OPP-10584,11522.91,Customer_78 Inc.,2025-01-25
OPP-10585,5203.44,Customer_191 Inc.,2025-01-25
OPP-10586,22302.95,Customer_68 Inc.,2025-01-25
OPP-10587,3861.92,Customer_158 Inc.,2025-01-25
OPP-10588,21990.42,Customer_145 Inc.,2025-01-25
OPP-10589,24836.21,Customer_73 Inc.,2025-01-25
OPP-10590,25951.14,Customer_146 Inc.,2025-01-25
OPP-10591,22862.63,Customer_16 Inc.,2025-01-25
OPP-10592,47407.26,Customer_118 Inc.,2025-01-25
OPP-10593,17562.63,Customer_156 Inc.,2025-01-25
OPP-10594,5567.17,Customer_96 Inc.,2025-01-25
OPP-10595,15237.85,Customer_157 Inc.,2025-01-25
OPP-10596,14707.31,Customer_26 Inc.,2025-01-25
OPP-10597,12249.31,Customer_62 Inc.,2025-01-25
OPP-10598,42050.37,Customer_112 Inc.,2025-01-25
OPP-10599,27970.96,Customer_109 Inc.,2025-01-25
OPP-10600,7086.64,Customer_91 Inc.,2025-01-26
OPP-10601,48969.93,Customer_68 Inc.,2025-01-26
OPP-10602,44728.46,Customer_1 Inc.,2025-01-26
OPP-10603,46634.87,Customer_104 Inc.,2025-01-26
OPP-10604,39406.38,Customer_142 Inc.,2025-01-26
OPP-10605,9134.39,Customer_39 Inc.,2025-01-26
OPP-10606,31217.88,Customer_91 Inc.,2025-01-26
OPP-10607,9929.81,Customer_42 Inc.,2025-01-26
OPP-10608,46464.23,Customer_139 Inc.,2025-01-26
OPP-10609,7802.69,Customer_111 Inc.,2025-01-26
OPP-10610,10232.04,Customer_79 Inc.,2025-01-26
OPP-10611,36141.08,Customer_130 Inc.,2025-01-26
OPP-10612,33065.02,Customer_117 Inc.,2025-01-26
OPP-10613,20586.41,Customer_156 Inc.,2025-01-26
OPP-10614,38225.38,Customer_169 Inc.,2025-01-26
OPP-10615,45392.18,Customer_59 Inc.,2025-01-26
OPP-10616,1503.22,Customer_14 Inc.,2025-01-26
OPP-10617,19600.72,Customer_142 Inc.,2025-01-26
OPP-10618,15994.62,Customer_133 Inc.,2025-01-26
OPP-10619,41839.7,Customer_100 Inc.,2025-01-26
OPP-10620,18076.86,Customer_63 Inc.,2025-01-26
OPP-10621,41998.99,Customer_34 Inc.,2025-01-26
OPP-10622,15577.28,Customer_71 Inc.,2025-01-26
OPP-10623,44532.97,Customer_141 Inc.,2025-01-26
OPP-10624,8223.42,Customer_147 Inc.,2025-01-27
OPP-10625,41581.63,Customer_22 Inc.,2025-01-27
OPP-10626,15380.45,Customer_80 Inc.,2025-01-27
OPP-10627,30639.08,Customer_176 Inc.,2025-01-27
OPP-10628,30345.53,Customer_37 Inc.,2025-01-27
OPP-10629,6156.5,Customer_103 Inc.,2025-01-27
OPP-10630,6957.34,Customer_177 Inc.,2025-01-27
OPP-10631,47634.89,Customer_192 Inc.,2025-01-27
OPP-10632,12495.64,Customer_187 Inc.,2025-01-27
OPP-10633,39090.1,Customer_82 Inc.,2025-01-27
OPP-10634,44998.06,Customer_156 Inc.,2025-01-27
OPP-10635,16373.21,Customer_67 Inc.,2025-01-27
OPP-10636,10311.14,Customer_198 Inc.,2025-01-27
OPP-10637,16833.1,Customer_39 Inc.,2025-01-27
OPP-10638,32296.72,Customer_11 Inc.,2025-01-27
OPP-10639,41738.87,Customer_173 Inc.,2025-01-27
OPP-10640,9712.9,Customer_194 Inc.,2025-01-27
OPP-10641,35725.54,Customer_9 Inc.,2025-01-27
OPP-10642,4362.79,Customer_33 Inc.,2025-01-27
OPP-10643,23893.65,Customer_187 Inc.,2025-01-27
OPP-10644,38176.9,Customer_30 Inc.,2025-01-27
OPP-10645,41973.0,Customer_68 Inc.,2025-01-27
OPP-10646,31052.24,Customer_77 Inc.,2025-01-27
OPP-10647,38931.96,Customer_40 Inc.,2025-01-27
OPP-10648,4050.17,Customer_34 Inc.,2025-01-28
OPP-10649,24136.19,Customer_35 Inc.,2025-01-28
OPP-10650,44341.17,Customer_199 Inc.,2025-01-28
OPP-10651,8971.17,Customer_122 Inc.,2025-01-28
OPP-10652,9862.34,Customer_66 Inc.,2025-01-28
OPP-10653,16001.48,Customer_27 Inc.,2025-01-28
OPP-10654,16372.81,Customer_159 Inc.,2025-01-28
OPP-10655,43119.2,Customer_26 Inc.,2025-01-28
OPP-10656,2194.74,Customer_25 Inc.,2025-01-28
OPP-10657,14566.36,Customer_83 Inc.,2025-01-28
OPP-10658,1429.54,Customer_60 Inc.,2025-01-28
OPP-10659,5621.32,Customer_123 Inc.,2025-01-28
OPP-10660,10965.19,Customer_96 Inc.,2025-01-28
OPP-10661,33222.62,Customer_186 Inc.,2025-01-28
OPP-10662,45854.22,Customer_77 Inc.,2025-01-28
OPP-10663,30135.89,Customer_144 Inc.,2025-01-28
OPP-10664,40906.55,Customer_110 Inc.,2025-01-28
OPP-10665,2569.83,Customer_154 Inc.,2025-01-28
OPP-10666,47385.45,Customer_178 Inc.,2025-01-28
OPP-10667,43241.3,Customer_121 Inc.,2025-01-28
OPP-10668,19025.57,Customer_13 Inc.,2025-01-28
OPP-10669,36436.29,Customer_117 Inc.,2025-01-28
OPP-10670,27082.5,Customer_46 Inc.,2025-01-28
OPP-10671,18229.15,Customer_139 Inc.,2025-01-28
OPP-10672,5910.93,Customer_18 Inc.,2025-01-29
OPP-10673,11357.75,Customer_68 Inc.,2025-01-29
OPP-10674,12731.97,Customer_121 Inc.,2025-01-29
OPP-10675,24619.61,Customer_171 Inc.,2025-01-29
OPP-10676,10306.52,Customer_154 Inc.,2025-01-29
OPP-10677,43887.74,Customer_111 Inc.,2025-01-29
OPP-10678,4137.27,Customer_89 Inc.,2025-01-29
OPP-10679,13929.1,Customer_92 Inc.,2025-01-29
OPP-10680,35389.13,Customer_17 Inc.,2025-01-29
OPP-10681,3348.73,Customer_112 Inc.,2025-01-29
OPP-10682,35079.43,Customer_108 Inc.,2025-01-29
OPP-10683,22992.06,Customer_131 Inc.,2025-01-29
OPP-10684,18794.03,Customer_128 Inc.,2025-01-29
OPP-10685,22449.03,Customer_94 Inc.,2025-01-29
OPP-10686,4474.15,Customer_100 Inc.,2025-01-29
OPP-10687,48693.12,Customer_103 Inc.,2025-01-29
OPP-10688,6357.08,Customer_180 Inc.,2025-01-29
OPP-10689,44804.76,Customer_118 Inc.,2025-01-29
OPP-10690,8941.75,Customer_87 Inc.,2025-01-29
OPP-10691,29496.93,Customer_169 Inc.,2025-01-29
OPP-10692,27600.35,Customer_27 Inc.,2025-01-29
OPP-10693,27407.56,Customer_6 Inc.,2025-01-29
OPP-10694,46184.06,Customer_69 Inc.,2025-01-29
OPP-10695,22268.82,Customer_149 Inc.,2025-01-29
OPP-10696,14374.13,Customer_58 Inc.,2025-01-30
OPP-10697,3262.53,Customer_146 Inc.,2025-01-30
OPP-10698,11878.61,Customer_199 Inc.,2025-01-30
OPP-10699,7956.9,Customer_100 Inc.,2025-01-30
OPP-10700,28539.17,Customer_113 Inc.,2025-01-30
OPP-10701,24118.08,Customer_84 Inc.,2025-01-30
OPP-10702,31879.68,Customer_20 Inc.,2025-01-30
OPP-10703,36153.78,Customer_39 Inc.,2025-01-30
OPP-10704,24629.1,Customer_165 Inc.,2025-01-30
OPP-10705,45307.25,Customer_93 Inc.,2025-01-30
OPP-10706,26434.15,Customer_14 Inc.,2025-01-30
OPP-10707,26310.17,Customer_99 Inc.,2025-01-30
OPP-10708,49803.85,Customer_182 Inc.,2025-01-30
OPP-10709,18192.32,Customer_194 Inc.,2025-01-30
OPP-10710,12788.42,Customer_147 Inc.,2025-01-30
OPP-10711,1435.25,Customer_30 Inc.,2025-01-30
OPP-10712,33785.98,Customer_174 Inc.,2025-01-30
OPP-10713,39081.84,Customer_105 Inc.,2025-01-30
OPP-10714,6677.53,Customer_198 Inc.,2025-01-30
OPP-10715,39238.6,Customer_3 Inc.,2025-01-30
OPP-10716,28275.65,Customer_130 Inc.,2025-01-30
OPP-10717,17075.93,Customer_67 Inc.,2025-01-30
OPP-10718,26872.95,Customer_109 Inc.,2025-01-30
OPP-10719,21836.87,Customer_41 Inc.,2025-01-30
OPP-10720,24120.27,Customer_109 Inc.,2025-01-31
OPP-10721,13295.76,Customer_188 Inc.,2025-01-31
OPP-10722,3132.84,Customer_8 Inc.,2025-01-31
OPP-10723,42387.29,Customer_193 Inc.,2025-01-31
OPP-10724,24345.18,Customer_100 Inc.,2025-01-31
OPP-10725,9989.62,Customer_84 Inc.,2025-01-31
OPP-10726,14544.3,Customer_77 Inc.,2025-01-31
OPP-10727,32172.91,Customer_141 Inc.,2025-01-31
OPP-10728,44182.72,Customer_186 Inc.,2025-01-31
OPP-10729,16108.7,Customer_35 Inc.,2025-01-31
OPP-10730,34616.73,Customer_188 Inc.,2025-01-31
OPP-10731,29547.26,Customer_160 Inc.,2025-01-31
OPP-10732,30279.28,Customer_137 Inc.,2025-01-31
OPP-10733,34849.67,Customer_139 Inc.,2025-01-31
OPP-10734,24850.41,Customer_166 Inc.,2025-01-31
OPP-10735,47109.36,Customer_117 Inc.,2025-01-31
OPP-10736,21831.28,Customer_117 Inc.,2025-01-31
OPP-10737,14385.69,Customer_56 Inc.,2025-01-31
OPP-10738,49864.18,Customer_56 Inc.,2025-01-31
OPP-10739,29186.26,Customer_169 Inc.,2025-01-31
OPP-10740,29138.72,Customer_98 Inc.,2025-01-31
OPP-10741,13998.36,Customer_137 Inc.,2025-01-31
OPP-10742,40929.82,Customer_177 Inc.,2025-01-31
OPP-10743,46136.84,Customer_7 Inc.,2025-01-31
OPP-10744,19116.64,Customer_132 Inc.,2025-02-01
OPP-10745,34140.2,Customer_8 Inc.,2025-02-01
OPP-10746,2972.57,Customer_154 Inc.,2025-02-01
OPP-10747,1227.06,Customer_68 Inc.,2025-02-01
OPP-10748,46833.23,Customer_51 Inc.,2025-02-01
OPP-10749,42521.9,Customer_187 Inc.,2025-02-01
OPP-10750,19936.05,Customer_40 Inc.,2025-02-01
OPP-10751,40360.77,Customer_123 Inc.,2025-02-01
OPP-10752,32376.98,Customer_78 Inc.,2025-02-01
OPP-10753,35265.44,Customer_115 Inc.,2025-02-01
OPP-10754,48973.42,Customer_31 Inc.,2025-02-01
OPP-10755,14598.27,Customer_159 Inc.,2025-02-01
OPP-10756,963.42,Customer_51 Inc.,2025-02-01
OPP-10757,20129.52,Customer_37 Inc.,2025-02-01
OPP-10758,37153.7,Customer_1 Inc.,2025-02-01
OPP-10759,17082.24,Customer_7 Inc.,2025-02-01
OPP-10760,31192.7,Customer_93 Inc.,2025-02-01
OPP-10761,40274.14,Customer_113 Inc.,2025-02-01
OPP-10762,20569.9,Customer_152 Inc.,2025-02-01
OPP-10763,17328.59,Customer_163 Inc.,2025-02-01
OPP-10764,32946.67,Customer_190 Inc.,2025-02-01
OPP-10765,30438.96,Customer_169 Inc.,2025-02-01
OPP-10766,37117.83,Customer_141 Inc.,2025-02-01
OPP-10767,31229.91,Customer_61 Inc.,2025-02-01
OPP-10768,14998.77,Customer_46 Inc.,2025-02-02
OPP-10769,19164.61,Customer_147 Inc.,2025-02-02
OPP-10770,43685.5,Customer_142 Inc.,2025-02-02
OPP-10771,18813.14,Customer_159 Inc.,2025-02-02
OPP-10772,8959.65,Customer_179 Inc.,2025-02-02
OPP-10773,19991.47,Customer_15 Inc.,2025-02-02
OPP-10774,25218.42,Customer_159 Inc.,2025-02-02
OPP-10775,3394.66,Customer_188 Inc.,2025-02-02
OPP-10776,46447.62,Customer_35 Inc.,2025-02-02
OPP-10777,2044.66,Customer_8 Inc.,2025-02-02
OPP-10778,30081.93,Customer_144 Inc.,2025-02-02
OPP-10779,14842.48,Customer_27 Inc.,2025-02-02
OPP-10780,41764.34,Customer_108 Inc.,2025-02-02
OPP-10781,3383.92,Customer_69 Inc.,2025-02-02
OPP-10782,43527.39,Customer_69 Inc.,2025-02-02
OPP-10783,33699.36,Customer_103 Inc.,2025-02-02
OPP-10784,26562.85,Customer_48 Inc.,2025-02-02
OPP-10785,46017.93,Customer_3 Inc.,2025-02-02
OPP-10786,7624.61,Customer_70 Inc.,2025-02-02
OPP-10787,40454.04,Customer_67 Inc.,2025-02-02
OPP-10788,21203.49,Customer_57 Inc.,2025-02-02
OPP-10789,37245.61,Customer_126 Inc.,2025-02-02
OPP-10790,44460.98,Customer_167 Inc.,2025-02-02
OPP-10791,11501.59,Customer_70 Inc.,2025-02-02
OPP-10792,30853.96,Customer_133 Inc.,2025-02-03
OPP-10793,39115.34,Customer_15 Inc.,2025-02-03
OPP-10794,48704.73,Customer_172 Inc.,2025-02-03
OPP-10795,3058.98,Customer_30 Inc.,2025-02-03
OPP-10796,41376.07,Customer_40 Inc.,2025-02-03
OPP-10797,17947.7,Customer_125 Inc.,2025-02-03
OPP-10798,1071.25,Customer_161 Inc.,2025-02-03
OPP-10799,22251.62,Customer_145 Inc.,2025-02-03
OPP-10800,17539.29,Customer_58 Inc.,2025-02-03
OPP-10801,32105.63,Customer_30 Inc.,2025-02-03
OPP-10802,46281.78,Customer_58 Inc.,2025-02-03
OPP-10803,45081.88,Customer_44 Inc.,2025-02-03
OPP-10804,34252.55,Customer_142 Inc.,2025-02-03
OPP-10805,15435.54,Customer_185 Inc.,2025-02-03
OPP-10806,19961.9,Customer_144 Inc.,2025-02-03
OPP-10807,42950.83,Customer_87 Inc.,2025-02-03
OPP-10808,36700.84,Customer_29 Inc.,2025-02-03
OPP-10809,39523.87,Customer_115 Inc.,2025-02-03
OPP-10810,15866.58,Customer_38 Inc.,2025-02-03
OPP-10811,22157.32,Customer_165 Inc.,2025-02-03
OPP-10812,14038.85,Customer_118 Inc.,2025-02-03
OPP-10813,33657.36,Customer_200 Inc.,2025-02-03
OPP-10814,46577.19,Customer_116 Inc.,2025-02-03
OPP-10815,2944.43,Customer_44 Inc.,2025-02-03
OPP-10816,6844.05,Customer_91 Inc.,2025-02-04
OPP-10817,46089.71,Customer_95 Inc.,2025-02-04
OPP-10818,27710.32,Customer_121 Inc.,2025-02-04
OPP-10819,32847.45,Customer_75 Inc.,2025-02-04
OPP-10820,19344.17,Customer_163 Inc.,2025-02-04
OPP-10821,18862.25,Customer_128 Inc.,2025-02-04
OPP-10822,48155.94,Customer_146 Inc.,2025-02-04
OPP-10823,48987.73,Customer_165 Inc.,2025-02-04
OPP-10824,42488.69,Customer_114 Inc.,2025-02-04
OPP-10825,874.45,Customer_122 Inc.,2025-02-04
OPP-10826,26824.09,Customer_183 Inc.,2025-02-04
OPP-10827,46679.9,Customer_118 Inc.,2025-02-04
OPP-10828,16505.61,Customer_74 Inc.,2025-02-04
OPP-10829,12411.53,Customer_117 Inc.,2025-02-04
OPP-10830,11898.49,Customer_122 Inc.,2025-02-04
OPP-10831,25069.66,Customer_52 Inc.,2025-02-04
OPP-10832,14123.39,Customer_188 Inc.,2025-02-04
OPP-10833,48682.57,Customer_122 Inc.,2025-02-04
OPP-10834,9139.67,Customer_111 Inc.,2025-02-04
OPP-10835,30935.05,Customer_129 Inc.,2025-02-04
OPP-10836,48274.38,Customer_187 Inc.,2025-02-04
OPP-10837,38474.58,Customer_22 Inc.,2025-02-04
OPP-10838,47457.2,Customer_61 Inc.,2025-02-04
OPP-10839,36098.2,Customer_116 Inc.,2025-02-04
OPP-10840,26468.94,Customer_59 Inc.,2025-02-05
OPP-10841,26285.28,Customer_137 Inc.,2025-02-05
OPP-10842,36370.25,Customer_11 Inc.,2025-02-05
OPP-10843,47337.41,Customer_140 Inc.,2025-02-05
OPP-10844,27110.7,Customer_180 Inc.,2025-02-05
OPP-10845,15670.35,Customer_141 Inc.,2025-02-05
OPP-10846,42618.86,Customer_196 Inc.,2025-02-05
OPP-10847,36494.84,Customer_116 Inc.,2025-02-05
OPP-10848,23744.06,Customer_177 Inc.,2025-02-05
OPP-10849,22566.67,Customer_100 Inc.,2025-02-05
OPP-10850,37655.31,Customer_161 Inc.,2025-02-05
OPP-10851,9966.97,Customer_37 Inc.,2025-02-05
OPP-10852,36236.74,Customer_113 Inc.,2025-02-05
OPP-10853,14581.74,Customer_126 Inc.,2025-02-05
OPP-10854,43820.56,Customer_5 Inc.,2025-02-05
OPP-10855,5621.65,Customer_2 Inc.,2025-02-05
OPP-10856,6019.5,Customer_42 Inc.,2025-02-05
OPP-10857,21825.9,Customer_117 Inc.,2025-02-05
OPP-10858,22624.0,Customer_185 Inc.,2025-02-05
OPP-10859,966.43,Customer_112 Inc.,2025-02-05
OPP-10860,16680.57,Customer_7 Inc.,2025-02-05
OPP-10861,17093.4,Customer_165 Inc.,2025-02-05
OPP-10862,33016.63,Customer_167 Inc.,2025-02-05
OPP-10863,904.2,Customer_18 Inc.,2025-02-05
OPP-10864,31878.61,Customer_31 Inc.,2025-02-06
OPP-10865,40692.21,Customer_123 Inc.,2025-02-06
OPP-10866,24709.24,Customer_159 Inc.,2025-02-06
OPP-10867,6337.64,Customer_37 Inc.,2025-02-06
OPP-10868,42484.01,Customer_153 Inc.,2025-02-06
OPP-10869,23733.7,Customer_133 Inc.,2025-02-06
OPP-10870,23815.79,Customer_13 Inc.,2025-02-06
OPP-10871,25994.83,Customer_178 Inc.,2025-02-06
OPP-10872,13814.54,Customer_132 Inc.,2025-02-06
OPP-10873,28983.01,Customer_45 Inc.,2025-02-06
OPP-10874,41817.43,Customer_108 Inc.,2025-02-06
OPP-10875,46684.26,Customer_74 Inc.,2025-02-06
OPP-10876,47725.79,Customer_127 Inc.,2025-02-06
OPP-10877,17392.27,Customer_83 Inc.,2025-02-06
OPP-10878,31710.38,Customer_45 Inc.,2025-02-06
OPP-10879,21125.0,Customer_141 Inc.,2025-02-06
OPP-10880,17343.07,Customer_194 Inc.,2025-02-06
OPP-10881,5038.92,Customer_144 Inc.,2025-02-06
OPP-10882,31748.26,Customer_91 Inc.,2025-02-06
OPP-10883,8489.76,Customer_195 Inc.,2025-02-06
OPP-10884,49632.53,Customer_63 Inc.,2025-02-06
OPP-10885,40762.03,Customer_122 Inc.,2025-02-06
OPP-10886,18318.02,Customer_41 Inc.,2025-02-06
OPP-10887,17151.97,Customer_186 Inc.,2025-02-06
OPP-10888,41311.63,Customer_121 Inc.,2025-02-07
OPP-10889,30315.66,Customer_178 Inc.,2025-02-07
OPP-10890,4571.83,Customer_41 Inc.,2025-02-07
OPP-10891,13743.86,Customer_162 Inc.,2025-02-07
OPP-10892,26735.73,Customer_11 Inc.,2025-02-07
OPP-10893,40099.45,Customer_108 Inc.,2025-02-07
OPP-10894,4226.15,Customer_34 Inc.,2025-02-07
OPP-10895,6634.69,Customer_46 Inc.,2025-02-07
OPP-10896,30087.21,Customer_155 Inc.,2025-02-07
OPP-10897,44818.89,Customer_121 Inc.,2025-02-07
OPP-10898,13843.25,Customer_134 Inc.,2025-02-07
OPP-10899,23054.51,Customer_196 Inc.,2025-02-07
OPP-10900,26057.28,Customer_155 Inc.,2025-02-07
OPP-10901,10225.82,Customer_166 Inc.,2025-02-07
OPP-10902,23766.09,Customer_150 Inc.,2025-02-07
OPP-10903,8314.41,Customer_92 Inc.,2025-02-07
OPP-10904,4242.28,Customer_182 Inc.,2025-02-07
OPP-10905,27634.04,Customer_147 Inc.,2025-02-07
OPP-10906,26768.36,Customer_124 Inc.,2025-02-07
OPP-10907,44070.22,Customer_115 Inc.,2025-02-07
OPP-10908,1401.88,Customer_7 Inc.,2025-02-07
OPP-10909,11239.0,Customer_181 Inc.,2025-02-07
OPP-10910,39539.02,Customer_159 Inc.,2025-02-07
OPP-10911,4969.35,Customer_138 Inc.,2025-02-07
OPP-10912,37523.35,Customer_25 Inc.,2025-02-08
OPP-10913,4436.24,Customer_142 Inc.,2025-02-08
OPP-10914,16557.77,Customer_13 Inc.,2025-02-08
OPP-10915,6031.46,Customer_169 Inc.,2025-02-08
OPP-10916,19503.31,Customer_118 Inc.,2025-02-08
OPP-10917,29873.74,Customer_13 Inc.,2025-02-08
OPP-10918,25260.85,Customer_51 Inc.,2025-02-08
OPP-10919,4118.93,Customer_77 Inc.,2025-02-08
OPP-10920,45831.61,Customer_87 Inc.,2025-02-08
OPP-10921,3859.54,Customer_185 Inc.,2025-02-08
OPP-10922,16289.95,Customer_89 Inc.,2025-02-08
OPP-10923,9788.43,Customer_25 Inc.,2025-02-08
OPP-10924,12128.82,Customer_11 Inc.,2025-02-08
OPP-10925,37594.74,Customer_19 Inc.,2025-02-08
OPP-10926,32830.99,Customer_4 Inc.,2025-02-08
OPP-10927,24175.16,Customer_151 Inc.,2025-02-08
OPP-10928,5266.21,Customer_96 Inc.,2025-02-08
OPP-10929,7511.71,Customer_130 Inc.,2025-02-08
OPP-10930,25004.89,Customer_126 Inc.,2025-02-08
OPP-10931,31758.61,Customer_50 Inc.,2025-02-08
OPP-10932,43735.74,Customer_39 Inc.,2025-02-08
OPP-10933,41762.71,Customer_31 Inc.,2025-02-08
OPP-10934,29796.6,Customer_110 Inc.,2025-02-08
OPP-10935,43746.66,Customer_79 Inc.,2025-02-08
OPP-10936,21601.37,Customer_69 Inc.,2025-02-09
OPP-10937,16111.18,Customer_132 Inc.,2025-02-09
OPP-10938,30424.21,Customer_141 Inc.,2025-02-09
OPP-10939,11615.15,Customer_92 Inc.,2025-02-09
OPP-10940,36502.3,Customer_57 Inc.,2025-02-09
OPP-10941,45839.26,Customer_191 Inc.,2025-02-09
OPP-10942,3250.88,Customer_182 Inc.,2025-02-09
OPP-10943,8336.9,Customer_125 Inc.,2025-02-09
OPP-10944,15039.09,Customer_66 Inc.,2025-02-09
OPP-10945,45769.16,Customer_196 Inc.,2025-02-09
OPP-10946,46293.88,Customer_199 Inc.,2025-02-09
OPP-10947,49054.29,Customer_74 Inc.,2025-02-09
OPP-10948,3936.17,Customer_177 Inc.,2025-02-09
OPP-10949,46427.13,Customer_151 Inc.,2025-02-09
OPP-10950,7850.53,Customer_161 Inc.,2025-02-09
OPP-10951,36609.08,Customer_64 Inc.,2025-02-09
OPP-10952,28978.77,Customer_196 Inc.,2025-02-09
OPP-10953,48558.46,Customer_70 Inc.,2025-02-09
OPP-10954,22162.43,Customer_78 Inc.,2025-02-09
OPP-10955,38808.54,Customer_132 Inc.,2025-02-09
OPP-10956,47169.73,Customer_94 Inc.,2025-02-09
OPP-10957,32964.95,Customer_195 Inc.,2025-02-09
OPP-10958,45948.14,Customer_97 Inc.,2025-02-09
OPP-10959,14404.55,Customer_173 Inc.,2025-02-09
OPP-10960,14530.7,Customer_80 Inc.,2025-02-10
OPP-10961,22754.57,Customer_66 Inc.,2025-02-10
OPP-10962,27878.32,Customer_168 Inc.,2025-02-10
OPP-10963,43472.09,Customer_49 Inc.,2025-02-10
OPP-10964,8649.84,Customer_75 Inc.,2025-02-10
OPP-10965,15149.58,Customer_53 Inc.,2025-02-10
OPP-10966,16062.52,Customer_67 Inc.,2025-02-10
OPP-10967,1798.17,Customer_83 Inc.,2025-02-10
OPP-10968,41544.46,Customer_46 Inc.,2025-02-10
OPP-10969,17191.68,Customer_114 Inc.,2025-02-10
OPP-10970,41802.71,Customer_82 Inc.,2025-02-10
OPP-10971,17869.59,Customer_87 Inc.,2025-02-10
OPP-10972,42874.53,Customer_101 Inc.,2025-02-10
OPP-10973,18366.11,Customer_34 Inc.,2025-02-10
OPP-10974,17366.96,Customer_116 Inc.,2025-02-10
OPP-10975,8161.33,Customer_38 Inc.,2025-02-10
OPP-10976,48718.25,Customer_153 Inc.,2025-02-10
OPP-10977,17849.6,Customer_174 Inc.,2025-02-10
OPP-10978,30556.44,Customer_71 Inc.,2025-02-10
OPP-10979,8456.67,Customer_113 Inc.,2025-02-10
OPP-10980,28936.02,Customer_65 Inc.,2025-02-10
OPP-10981,38214.76,Customer_18 Inc.,2025-02-10
OPP-10982,47962.65,Customer_157 Inc.,2025-02-10
OPP-10983,25455.42,Customer_106 Inc.,2025-02-10
OPP-10984,47942.23,Customer_13 Inc.,2025-02-11
OPP-10985,23653.85,Customer_47 Inc.,2025-02-11
OPP-10986,28189.85,Customer_108 Inc.,2025-02-11
OPP-10987,9563.99,Customer_4 Inc.,2025-02-11
OPP-10988,30624.41,Customer_119 Inc.,2025-02-11
OPP-10989,28666.98,Customer_163 Inc.,2025-02-11
OPP-10990,27635.15,Customer_56 Inc.,2025-02-11
OPP-10991,26050.92,Customer_54 Inc.,2025-02-11
OPP-10992,8319.75,Customer_55 Inc.,2025-02-11
OPP-10993,14376.37,Customer_154 Inc.,2025-02-11
OPP-10994,14174.26,Customer_146 Inc.,2025-02-11
OPP-10995,30969.74,Customer_86 Inc.,2025-02-11
OPP-10996,32450.85,Customer_137 Inc.,2025-02-11
OPP-10997,23994.96,Customer_188 Inc.,2025-02-11
OPP-10998,3050.48,Customer_172 Inc.,2025-02-11
OPP-10999,10958.26,Customer_75 Inc.,2025-02-11
OPP-11000,28308.84,Customer_6 Inc.,2025-02-11
OPP-11001,18948.69,Customer_48 Inc.,2025-02-11
OPP-11002,38006.12,Customer_46 Inc.,2025-02-11
OPP-11003,21770.61,Customer_43 Inc.,2025-02-11
OPP-11004,44374.67,Customer_6 Inc.,2025-02-11
OPP-11005,42283.63,Customer_75 Inc.,2025-02-11
OPP-11006,25451.06,Customer_173 Inc.,2025-02-11
OPP-11007,26396.03,Customer_60 Inc.,2025-02-11
OPP-11008,8419.0,Customer_198 Inc.,2025-02-12
OPP-11009,33457.37,Customer_35 Inc.,2025-02-12
OPP-11010,9697.62,Customer_18 Inc.,2025-02-12
OPP-11011,15842.42,Customer_147 Inc.,2025-02-12
OPP-11012,49843.86,Customer_24 Inc.,2025-02-12
OPP-11013,42321.3,Customer_60 Inc.,2025-02-12
OPP-11014,38309.8,Customer_32 Inc.,2025-02-12
OPP-11015,9665.64,Customer_57 Inc.,2025-02-12
OPP-11016,48448.3,Customer_22 Inc.,2025-02-12
OPP-11017,18156.06,Customer_46 Inc.,2025-02-12
OPP-11018,45609.43,Customer_70 Inc.,2025-02-12
OPP-11019,23451.6,Customer_193 Inc.,2025-02-12
OPP-11020,40522.42,Customer_4 Inc.,2025-02-12
OPP-11021,35629.28,Customer_177 Inc.,2025-02-12
OPP-11022,35646.92,Customer_165 Inc.,2025-02-12
OPP-11023,24239.42,Customer_106 Inc.,2025-02-12
OPP-11024,39056.61,Customer_90 Inc.,2025-02-12
OPP-11025,48203.29,Customer_60 Inc.,2025-02-12
OPP-11026,12520.92,Customer_196 Inc.,2025-02-12
OPP-11027,34659.17,Customer_185 Inc.,2025-02-12
OPP-11028,39990.31,Customer_189 Inc.,2025-02-12
OPP-11029,13030.57,Customer_17 Inc.,2025-02-12
OPP-11030,4739.21,Customer_48 Inc.,2025-02-12
OPP-11031,44274.34,Customer_96 Inc.,2025-02-12
OPP-11032,33959.48,Customer_112 Inc.,2025-02-13
OPP-11033,13567.78,Customer_1 Inc.,2025-02-13
OPP-11034,32043.61,Customer_185 Inc.,2025-02-13
OPP-11035,29103.87,Customer_75 Inc.,2025-02-13
OPP-11036,48173.71,Customer_13 Inc.,2025-02-13
OPP-11037,40479.85,Customer_148 Inc.,2025-02-13
OPP-11038,15116.36,Customer_57 Inc.,2025-02-13
OPP-11039,40754.53,Customer_107 Inc.,2025-02-13
OPP-11040,10712.2,Customer_79 Inc.,2025-02-13
OPP-11041,9185.08,Customer_195 Inc.,2025-02-13
OPP-11042,19827.75,Customer_57 Inc.,2025-02-13
OPP-11043,35866.38,Customer_140 Inc.,2025-02-13
OPP-11044,49494.7,Customer_37 Inc.,2025-02-13
OPP-11045,10114.76,Customer_123 Inc.,2025-02-13
OPP-11046,43275.39,Customer_62 Inc.,2025-02-13
OPP-11047,22762.67,Customer_155 Inc.,2025-02-13
OPP-11048,14845.64,Customer_98 Inc.,2025-02-13
OPP-11049,8474.7,Customer_82 Inc.,2025-02-13
OPP-11050,22213.65,Customer_33 Inc.,2025-02-13
OPP-11051,8629.16,Customer_186 Inc.,2025-02-13
OPP-11052,45343.44,Customer_28 Inc.,2025-02-13
OPP-11053,36016.7,Customer_19 Inc.,2025-02-13
OPP-11054,3058.07,Customer_110 Inc.,2025-02-13
OPP-11055,25753.48,Customer_87 Inc.,2025-02-13
OPP-11056,35346.5,Customer_176 Inc.,2025-02-14
OPP-11057,9689.87,Customer_21 Inc.,2025-02-14
OPP-11058,30008.95,Customer_70 Inc.,2025-02-14
OPP-11059,34135.91,Customer_120 Inc.,2025-02-14
OPP-11060,40636.8,Customer_53 Inc.,2025-02-14
OPP-11061,38502.69,Customer_147 Inc.,2025-02-14
OPP-11062,18693.25,Customer_124 Inc.,2025-02-14
OPP-11063,13655.57,Customer_120 Inc.,2025-02-14
OPP-11064,9419.04,Customer_170 Inc.,2025-02-14
OPP-11065,49458.54,Customer_116 Inc.,2025-02-14
OPP-11066,13985.07,Customer_65 Inc.,2025-02-14
OPP-11067,8300.51,Customer_83 Inc.,2025-02-14
OPP-11068,46351.38,Customer_199 Inc.,2025-02-14
OPP-11069,43497.82,Customer_151 Inc.,2025-02-14
OPP-11070,5471.89,Customer_55 Inc.,2025-02-14
OPP-11071,4857.31,Customer_55 Inc.,2025-02-14
OPP-11072,5586.93,Customer_108 Inc.,2025-02-14
OPP-11073,12378.14,Customer_153 Inc.,2025-02-14
OPP-11074,12954.82,Customer_195 Inc.,2025-02-14
OPP-11075,7672.11,Customer_75 Inc.,2025-02-14
OPP-11076,31440.07,Customer_19 Inc.,2025-02-14
OPP-11077,24953.07,Customer_33 Inc.,2025-02-14
OPP-11078,20882.82,Customer_76 Inc.,2025-02-14
OPP-11079,36399.54,Customer_180 Inc.,2025-02-14
OPP-11080,1093.95,Customer_72 Inc.,2025-02-15
OPP-11081,42917.82,Customer_173 Inc.,2025-02-15
OPP-11082,5500.49,Customer_110 Inc.,2025-02-15
OPP-11083,14813.19,Customer_198 Inc.,2025-02-15
OPP-11084,24734.38,Customer_93 Inc.,2025-02-15
OPP-11085,17568.94,Customer_46 Inc.,2025-02-15
OPP-11086,45183.38,Customer_11 Inc.,2025-02-15
OPP-11087,916.75,Customer_136 Inc.,2025-02-15
OPP-11088,38018.55,Customer_81 Inc.,2025-02-15
OPP-11089,46216.67,Customer_49 Inc.,2025-02-15
OPP-11090,7444.75,Customer_66 Inc.,2025-02-15
OPP-11091,44373.01,Customer_147 Inc.,2025-02-15
OPP-11092,5112.91,Customer_41 Inc.,2025-02-15
OPP-11093,49650.01,Customer_185 Inc.,2025-02-15
OPP-11094,25752.9,Customer_9 Inc.,2025-02-15
OPP-11095,13850.79,Customer_164 Inc.,2025-02-15
OPP-11096,42903.71,Customer_181 Inc.,2025-02-15
OPP-11097,15798.9,Customer_153 Inc.,2025-02-15
OPP-11098,1715.29,Customer_68 Inc.,2025-02-15
OPP-11099,42104.97,Customer_152 Inc.,2025-02-15
OPP-11100,21431.06,Customer_98 Inc.,2025-02-15
OPP-11101,40715.19,Customer_157 Inc.,2025-02-15
OPP-11102,5296.99,Customer_34 Inc.,2025-02-15
OPP-11103,10432.42,Customer_22 Inc.,2025-02-15
OPP-11104,14057.69,Customer_33 Inc.,2025-02-16
OPP-11105,6849.07,Customer_130 Inc.,2025-02-16
OPP-11106,42759.11,Customer_89 Inc.,2025-02-16
OPP-11107,16816.24,Customer_69 Inc.,2025-02-16
OPP-11108,29708.45,Customer_46 Inc.,2025-02-16
OPP-11109,37037.28,Customer_112 Inc.,2025-02-16
OPP-11110,13324.02,Customer_159 Inc.,2025-02-16
OPP-11111,23862.9,Customer_21 Inc.,2025-02-16
OPP-11112,3320.08,Customer_187 Inc.,2025-02-16
OPP-11113,45602.46,Customer_42 Inc.,2025-02-16
OPP-11114,45927.88,Customer_78 Inc.,2025-02-16
OPP-11115,4891.12,Customer_85 Inc.,2025-02-16
OPP-11116,35723.13,Customer_150 Inc.,2025-02-16
OPP-11117,7298.24,Customer_31 Inc.,2025-02-16
OPP-11118,30071.75,Customer_18 Inc.,2025-02-16
OPP-11119,21702.95,Customer_8 Inc.,2025-02-16
OPP-11120,47861.35,Customer_139 Inc.,2025-02-16
OPP-11121,26442.44,Customer_15 Inc.,2025-02-16
OPP-11122,18632.59,Customer_182 Inc.,2025-02-16
OPP-11123,7329.01,Customer_71 Inc.,2025-02-16
OPP-11124,33117.39,Customer_149 Inc.,2025-02-16
OPP-11125,2257.74,Customer_31 Inc.,2025-02-16
OPP-11126,17915.88,Customer_73 Inc.,2025-02-16
OPP-11127,15654.67,Customer_137 Inc.,2025-02-16
OPP-11128,16250.85,Customer_25 Inc.,2025-02-17
OPP-11129,16634.91,Customer_18 Inc.,2025-02-17
OPP-11130,13611.11,Customer_97 Inc.,2025-02-17
OPP-11131,36223.33,Customer_13 Inc.,2025-02-17
OPP-11132,14524.58,Customer_91 Inc.,2025-02-17
OPP-11133,4992.42,Customer_166 Inc.,2025-02-17
OPP-11134,28101.39,Customer_141 Inc.,2025-02-17
OPP-11135,49740.51,Customer_25 Inc.,2025-02-17
OPP-11136,21330.19,Customer_73 Inc.,2025-02-17
OPP-11137,9413.02,Customer_112 Inc.,2025-02-17
OPP-11138,23212.06,Customer_51 Inc.,2025-02-17
OPP-11139,41964.65,Customer_48 Inc.,2025-02-17
OPP-11140,5623.09,Customer_92 Inc.,2025-02-17
OPP-11141,34604.57,Customer_187 Inc.,2025-02-17
OPP-11142,44303.23,Customer_135 Inc.,2025-02-17
OPP-11143,16710.71,Customer_111 Inc.,2025-02-17
OPP-11144,48119.37,Customer_34 Inc.,2025-02-17
OPP-11145,37918.16,Customer_186 Inc.,2025-02-17
OPP-11146,6978.55,Customer_20 Inc.,2025-02-17
OPP-11147,8962.43,Customer_64 Inc.,2025-02-17
OPP-11148,22302.66,Customer_140 Inc.,2025-02-17
OPP-11149,40209.76,Customer_97 Inc.,2025-02-17
OPP-11150,30383.17,Customer_69 Inc.,2025-02-17
OPP-11151,33935.31,Customer_100 Inc.,2025-02-17
OPP-11152,11169.68,Customer_181 Inc.,2025-02-18
OPP-11153,28279.54,Customer_54 Inc.,2025-02-18
OPP-11154,41686.46,Customer_142 Inc.,2025-02-18
OPP-11155,31619.77,Customer_194 Inc.,2025-02-18
OPP-11156,25541.53,Customer_133 Inc.,2025-02-18
OPP-11157,9861.47,Customer_78 Inc.,2025-02-18
OPP-11158,2010.73,Customer_155 Inc.,2025-02-18
OPP-11159,27443.26,Customer_61 Inc.,2025-02-18
OPP-11160,8553.13,Customer_27 Inc.,2025-02-18
OPP-11161,2705.32,Customer_15 Inc.,2025-02-18
OPP-11162,3266.96,Customer_61 Inc.,2025-02-18
OPP-11163,18371.45,Customer_52 Inc.,2025-02-18
OPP-11164,26430.11,Customer_79 Inc.,2025-02-18
OPP-11165,14822.51,Customer_74 Inc.,2025-02-18
OPP-11166,36092.97,Customer_17 Inc.,2025-02-18
OPP-11167,36274.68,Customer_2 Inc.,2025-02-18
OPP-11168,32128.08,Customer_119 Inc.,2025-02-18
OPP-11169,18150.18,Customer_142 Inc.,2025-02-18
OPP-11170,49018.19,Customer_2 Inc.,2025-02-18
OPP-11171,18090.56,Customer_186 Inc.,2025-02-18
OPP-11172,21858.49,Customer_174 Inc.,2025-02-18
OPP-11173,47904.51,Customer_99 Inc.,2025-02-18
OPP-11174,721.97,Customer_157 Inc.,2025-02-18
OPP-11175,19647.56,Customer_105 Inc.,2025-02-18
OPP-11176,10890.54,Customer_169 Inc.,2025-02-19
OPP-11177,49466.45,Customer_122 Inc.,2025-02-19
OPP-11178,38286.36,Customer_42 Inc.,2025-02-19
OPP-11179,26130.89,Customer_80 Inc.,2025-02-19
OPP-11180,26643.54,Customer_61 Inc.,2025-02-19
OPP-11181,43053.5,Customer_26 Inc.,2025-02-19
OPP-11182,14569.24,Customer_94 Inc.,2025-02-19
OPP-11183,45773.09,Customer_82 Inc.,2025-02-19
OPP-11184,1957.73,Customer_133 Inc.,2025-02-19
OPP-11185,26399.37,Customer_118 Inc.,2025-02-19
OPP-11186,46099.79,Customer_163 Inc.,2025-02-19
OPP-11187,11182.06,Customer_198 Inc.,2025-02-19
OPP-11188,42459.81,Customer_124 Inc.,2025-02-19
OPP-11189,43938.74,Customer_137 Inc.,2025-02-19
OPP-11190,14091.76,Customer_18 Inc.,2025-02-19
OPP-11191,20812.71,Customer_52 Inc.,2025-02-19
OPP-11192,31712.12,Customer_75 Inc.,2025-02-19
OPP-11193,32883.08,Customer_67 Inc.,2025-02-19
OPP-11194,33782.81,Customer_180 Inc.,2025-02-19
OPP-11195,28320.48,Customer_192 Inc.,2025-02-19
OPP-11196,41529.86,Customer_1 Inc.,2025-02-19
OPP-11197,23426.27,Customer_69 Inc.,2025-02-19
OPP-11198,16694.47,Customer_130 Inc.,2025-02-19
OPP-11199,40521.32,Customer_182 Inc.,2025-02-19
OPP-11200,40279.88,Customer_4 Inc.,2025-02-20
OPP-11201,10125.42,Customer_189 Inc.,2025-02-20
OPP-11202,43263.38,Customer_128 Inc.,2025-02-20
OPP-11203,26669.36,Customer_52 Inc.,2025-02-20
OPP-11204,22089.26,Customer_192 Inc.,2025-02-20
OPP-11205,9196.64,Customer_74 Inc.,2025-02-20
OPP-11206,22109.4,Customer_14 Inc.,2025-02-20
OPP-11207,28070.37,Customer_106 Inc.,2025-02-20
OPP-11208,48755.51,Customer_175 Inc.,2025-02-20
OPP-11209,10972.33,Customer_13 Inc.,2025-02-20
OPP-11210,43174.42,Customer_197 Inc.,2025-02-20
OPP-11211,28998.11,Customer_131 Inc.,2025-02-20
OPP-11212,28425.62,Customer_168 Inc.,2025-02-20
OPP-11213,7325.23,Customer_71 Inc.,2025-02-20
OPP-11214,20652.09,Customer_157 Inc.,2025-02-20
OPP-11215,19671.22,Customer_75 Inc.,2025-02-20
OPP-11216,6713.81,Customer_82 Inc.,2025-02-20
OPP-11217,32580.85,Customer_92 Inc.,2025-02-20
OPP-11218,4349.9,Customer_178 Inc.,2025-02-20
OPP-11219,42893.87,Customer_100 Inc.,2025-02-20
OPP-11220,43548.1,Customer_89 Inc.,2025-02-20
OPP-11221,2169.02,Customer_69 Inc.,2025-02-20
OPP-11222,8687.46,Customer_171 Inc.,2025-02-20
OPP-11223,11857.22,Customer_164 Inc.,2025-02-20
OPP-11224,4635.67,Customer_44 Inc.,2025-02-21
OPP-11225,13089.78,Customer_103 Inc.,2025-02-21
OPP-11226,44643.58,Customer_106 Inc.,2025-02-21
OPP-11227,2861.25,Customer_34 Inc.,2025-02-21
OPP-11228,33432.67,Customer_102 Inc.,2025-02-21
OPP-11229,31919.47,Customer_198 Inc.,2025-02-21
OPP-11230,2376.82,Customer_67 Inc.,2025-02-21
OPP-11231,6091.84,Customer_80 Inc.,2025-02-21
OPP-11232,43189.97,Customer_159 Inc.,2025-02-21
OPP-11233,46036.35,Customer_66 Inc.,2025-02-21
OPP-11234,31416.06,Customer_120 Inc.,2025-02-21
OPP-11235,16420.46,Customer_58 Inc.,2025-02-21
OPP-11236,15229.27,Customer_185 Inc.,2025-02-21
OPP-11237,8950.52,Customer_180 Inc.,2025-02-21
OPP-11238,15004.14,Customer_102 Inc.,2025-02-21
OPP-11239,38917.58,Customer_57 Inc.,2025-02-21
OPP-11240,14333.23,Customer_37 Inc.,2025-02-21
OPP-11241,26931.64,Customer_25 Inc.,2025-02-21
OPP-11242,40291.86,Customer_112 Inc.,2025-02-21
OPP-11243,39537.85,Customer_60 Inc.,2025-02-21
OPP-11244,28696.98,Customer_25 Inc.,2025-02-21
OPP-11245,39946.42,Customer_190 Inc.,2025-02-21
OPP-11246,48860.91,Customer_6 Inc.,2025-02-21
OPP-11247,41778.29,Customer_106 Inc.,2025-02-21
OPP-11248,15918.58,Customer_51 Inc.,2025-02-22
OPP-11249,27956.53,Customer_30 Inc.,2025-02-22
OPP-11250,27410.43,Customer_160 Inc.,2025-02-22
OPP-11251,44106.62,Customer_68 Inc.,2025-02-22
OPP-11252,20095.36,Customer_185 Inc.,2025-02-22
OPP-11253,44882.22,Customer_197 Inc.,2025-02-22
OPP-11254,39616.51,Customer_24 Inc.,2025-02-22
OPP-11255,5553.64,Customer_15 Inc.,2025-02-22
OPP-11256,33240.21,Customer_67 Inc.,2025-02-22
OPP-11257,14982.66,Customer_163 Inc.,2025-02-22
OPP-11258,36383.07,Customer_189 Inc.,2025-02-22
OPP-11259,22080.67,Customer_42 Inc.,2025-02-22
OPP-11260,12473.66,Customer_83 Inc.,2025-02-22
OPP-11261,26022.02,Customer_112 Inc.,2025-02-22
OPP-11262,36382.26,Customer_110 Inc.,2025-02-22
OPP-11263,15763.17,Customer_61 Inc.,2025-02-22
OPP-11264,22303.02,Customer_163 Inc.,2025-02-22
OPP-11265,39841.66,Customer_35 Inc.,2025-02-22
OPP-11266,5314.34,Customer_138 Inc.,2025-02-22
OPP-11267,26383.77,Customer_161 Inc.,2025-02-22
OPP-11268,35133.41,Customer_165 Inc.,2025-02-22
OPP-11269,42299.56,Customer_180 Inc.,2025-02-22
OPP-11270,49802.09,Customer_101 Inc.,2025-02-22
OPP-11271,13136.86,Customer_79 Inc.,2025-02-22
OPP-11272,1400.17,Customer_50 Inc.,2025-02-23
OPP-11273,48503.4,Customer_174 Inc.,2025-02-23
OPP-11274,30785.96,Customer_91 Inc.,2025-02-23
OPP-11275,6554.24,Customer_105 Inc.,2025-02-23
OPP-11276,49874.63,Customer_159 Inc.,2025-02-23
OPP-11277,11019.62,Customer_173 Inc.,2025-02-23
OPP-11278,12735.96,Customer_111 Inc.,2025-02-23
OPP-11279,4666.4,Customer_70 Inc.,2025-02-23
OPP-11280,26129.35,Customer_14 Inc.,2025-02-23
OPP-11281,5256.75,Customer_198 Inc.,2025-02-23
OPP-11282,14699.01,Customer_81 Inc.,2025-02-23
OPP-11283,14282.81,Customer_186 Inc.,2025-02-23
OPP-11284,49826.96,Customer_103 Inc.,2025-02-23
OPP-11285,48012.12,Customer_11 Inc.,2025-02-23
OPP-11286,17160.29,Customer_116 Inc.,2025-02-23
OPP-11287,23077.02,Customer_30 Inc.,2025-02-23
OPP-11288,46024.09,Customer_150 Inc.,2025-02-23
OPP-11289,43383.15,Customer_165 Inc.,2025-02-23
OPP-11290,22860.6,Customer_198 Inc.,2025-02-23
OPP-11291,22194.01,Customer_134 Inc.,2025-02-23
OPP-11292,23849.0,Customer_131 Inc.,2025-02-23
OPP-11293,14023.6,Customer_183 Inc.,2025-02-23
OPP-11294,13507.89,Customer_134 Inc.,2025-02-23
OPP-11295,29467.82,Customer_90 Inc.,2025-02-23
OPP-11296,35298.29,Customer_83 Inc.,2025-02-24
OPP-11297,48658.41,Customer_145 Inc.,2025-02-24
OPP-11298,15371.02,Customer_179 Inc.,2025-02-24
OPP-11299,30636.34,Customer_4 Inc.,2025-02-24
OPP-11300,16366.28,Customer_198 Inc.,2025-02-24
OPP-11301,35982.94,Customer_49 Inc.,2025-02-24
OPP-11302,41387.63,Customer_129 Inc.,2025-02-24
OPP-11303,10207.97,Customer_179 Inc.,2025-02-24
OPP-11304,6027.15,Customer_47 Inc.,2025-02-24
OPP-11305,32367.17,Customer_14 Inc.,2025-02-24
OPP-11306,18936.39,Customer_26 Inc.,2025-02-24
OPP-11307,19017.72,Customer_65 Inc.,2025-02-24
OPP-11308,979.43,Customer_108 Inc.,2025-02-24
OPP-11309,33607.67,Customer_31 Inc.,2025-02-24
OPP-11310,48496.4,Customer_123 Inc.,2025-02-24
OPP-11311,39461.76,Customer_75 Inc.,2025-02-24
OPP-11312,33895.71,Customer_197 Inc.,2025-02-24
OPP-11313,7781.51,Customer_64 Inc.,2025-02-24
OPP-11314,20007.94,Customer_160 Inc.,2025-02-24
OPP-11315,26563.81,Customer_45 Inc.,2025-02-24
OPP-11316,29813.14,Customer_138 Inc.,2025-02-24
OPP-11317,9378.44,Customer_70 Inc.,2025-02-24
OPP-11318,36024.74,Customer_152 Inc.,2025-02-24
OPP-11319,7769.02,Customer_163 Inc.,2025-02-24
OPP-11320,13560.43,Customer_144 Inc.,2025-02-25
OPP-11321,16292.8,Customer_110 Inc.,2025-02-25
OPP-11322,13404.1,Customer_91 Inc.,2025-02-25
OPP-11323,18507.56,Customer_19 Inc.,2025-02-25
OPP-11324,3457.9,Customer_69 Inc.,2025-02-25
OPP-11325,28743.53,Customer_149 Inc.,2025-02-25
OPP-11326,26021.2,Customer_103 Inc.,2025-02-25
OPP-11327,25673.71,Customer_172 Inc.,2025-02-25
OPP-11328,35127.88,Customer_187 Inc.,2025-02-25
OPP-11329,15388.86,Customer_58 Inc.,2025-02-25
OPP-11330,4480.85,Customer_87 Inc.,2025-02-25
OPP-11331,7896.97,Customer_136 Inc.,2025-02-25
OPP-11332,5841.6,Customer_118 Inc.,2025-02-25
OPP-11333,47995.82,Customer_28 Inc.,2025-02-25
OPP-11334,48074.67,Customer_73 Inc.,2025-02-25
OPP-11335,47261.31,Customer_103 Inc.,2025-02-25
OPP-11336,49846.11,Customer_109 Inc.,2025-02-25
OPP-11337,45441.08,Customer_129 Inc.,2025-02-25
OPP-11338,36549.54,Customer_106 Inc.,2025-02-25
OPP-11339,27368.74,Customer_41 Inc.,2025-02-25
OPP-11340,34768.72,Customer_182 Inc.,2025-02-25
OPP-11341,24609.64,Customer_109 Inc.,2025-02-25
OPP-11342,44249.15,Customer_127 Inc.,2025-02-25
OPP-11343,34389.28,Customer_70 Inc.,2025-02-25
OPP-11344,15207.65,Customer_24 Inc.,2025-02-26
OPP-11345,738.5,Customer_66 Inc.,2025-02-26
OPP-11346,31772.43,Customer_80 Inc.,2025-02-26
OPP-11347,43204.7,Customer_14 Inc.,2025-02-26
OPP-11348,26015.33,Customer_86 Inc.,2025-02-26
OPP-11349,45462.81,Customer_183 Inc.,2025-02-26
OPP-11350,8730.96,Customer_169 Inc.,2025-02-26
OPP-11351,17096.79,Customer_151 Inc.,2025-02-26
OPP-11352,25526.48,Customer_44 Inc.,2025-02-26
OPP-11353,47916.68,Customer_196 Inc.,2025-02-26
OPP-11354,34204.62,Customer_111 Inc.,2025-02-26
OPP-11355,28842.93,Customer_49 Inc.,2025-02-26
OPP-11356,20721.23,Customer_17 Inc.,2025-02-26
OPP-11357,41046.96,Customer_109 Inc.,2025-02-26
OPP-11358,28196.3,Customer_18 Inc.,2025-02-26
OPP-11359,32412.36,Customer_195 Inc.,2025-02-26
OPP-11360,48373.62,Customer_130 Inc.,2025-02-26
OPP-11361,46925.04,Customer_200 Inc.,2025-02-26
OPP-11362,789.93,Customer_199 Inc.,2025-02-26
OPP-11363,41638.56,Customer_9 Inc.,2025-02-26
OPP-11364,46990.52,Customer_34 Inc.,2025-02-26
OPP-11365,16303.39,Customer_19 Inc.,2025-02-26
OPP-11366,48189.22,Customer_33 Inc.,2025-02-26
OPP-11367,28842.29,Customer_131 Inc.,2025-02-26
OPP-11368,44222.5,Customer_164 Inc.,2025-02-27
OPP-11369,37256.65,Customer_102 Inc.,2025-02-27
OPP-11370,32443.28,Customer_182 Inc.,2025-02-27
OPP-11371,14723.24,Customer_136 Inc.,2025-02-27
OPP-11372,14774.88,Customer_136 Inc.,2025-02-27
OPP-11373,20660.45,Customer_187 Inc.,2025-02-27
OPP-11374,35781.36,Customer_181 Inc.,2025-02-27
OPP-11375,2293.96,Customer_108 Inc.,2025-02-27
OPP-11376,48795.66,Customer_189 Inc.,2025-02-27
OPP-11377,34110.9,Customer_126 Inc.,2025-02-27
OPP-11378,31478.71,Customer_9 Inc.,2025-02-27
OPP-11379,19769.54,Customer_65 Inc.,2025-02-27
OPP-11380,3156.22,Customer_127 Inc.,2025-02-27
OPP-11381,14103.56,Customer_83 Inc.,2025-02-27
OPP-11382,43970.77,Customer_121 Inc.,2025-02-27
OPP-11383,26438.19,Customer_130 Inc.,2025-02-27
OPP-11384,1789.29,Customer_99 Inc.,2025-02-27
OPP-11385,20446.49,Customer_125 Inc.,2025-02-27
OPP-11386,7472.56,Customer_63 Inc.,2025-02-27
OPP-11387,3468.81,Customer_77 Inc.,2025-02-27
OPP-11388,21078.37,Customer_38 Inc.,2025-02-27
OPP-11389,26149.85,Customer_106 Inc.,2025-02-27
OPP-11390,4212.05,Customer_17 Inc.,2025-02-27
OPP-11391,40196.17,Customer_16 Inc.,2025-02-27
OPP-11392,38990.81,Customer_127 Inc.,2025-02-28
OPP-11393,41743.61,Customer_63 Inc.,2025-02-28
OPP-11394,5479.74,Customer_80 Inc.,2025-02-28
OPP-11395,6491.04,Customer_63 Inc.,2025-02-28
OPP-11396,28878.67,Customer_48 Inc.,2025-02-28
OPP-11397,27175.65,Customer_176 Inc.,2025-02-28
OPP-11398,22253.84,Customer_123 Inc.,2025-02-28
OPP-11399,4478.14,Customer_162 Inc.,2025-02-28
OPP-11400,40613.51,Customer_178 Inc.,2025-02-28
OPP-11401,38889.59,Customer_14 Inc.,2025-02-28
OPP-11402,27158.15,Customer_139 Inc.,2025-02-28
OPP-11403,33808.84,Customer_43 Inc.,2025-02-28
OPP-11404,21936.6,Customer_125 Inc.,2025-02-28
OPP-11405,37108.12,Customer_60 Inc.,2025-02-28
OPP-11406,26620.3,Customer_97 Inc.,2025-02-28
OPP-11407,7041.56,Customer_170 Inc.,2025-02-28
OPP-11408,39069.5,Customer_61 Inc.,2025-02-28
OPP-11409,24835.11,Customer_113 Inc.,2025-02-28
OPP-11410,8127.84,Customer_3 Inc.,2025-02-28
OPP-11411,6925.25,Customer_13 Inc.,2025-02-28
OPP-11412,9730.81,Customer_75 Inc.,2025-02-28
OPP-11413,4722.03,Customer_22 Inc.,2025-02-28
OPP-11414,47294.53,Customer_187 Inc.,2025-02-28
OPP-11415,24241.82,Customer_159 Inc.,2025-02-28
OPP-11416,23253.78,Customer_62 Inc.,2025-03-01
OPP-11417,30576.66,Customer_151 Inc.,2025-03-01
OPP-11418,12713.61,Customer_50 Inc.,2025-03-01
OPP-11419,44815.37,Customer_162 Inc.,2025-03-01
OPP-11420,49472.89,Customer_101 Inc.,2025-03-01
OPP-11421,11985.02,Customer_158 Inc.,2025-03-01
OPP-11422,43786.75,Customer_200 Inc.,2025-03-01
OPP-11423,1701.18,Customer_59 Inc.,2025-03-01
OPP-11424,11349.15,Customer_154 Inc.,2025-03-01
OPP-11425,40553.13,Customer_179 Inc.,2025-03-01
OPP-11426,15053.51,Customer_51 Inc.,2025-03-01
OPP-11427,49284.63,Customer_124 Inc.,2025-03-01
OPP-11428,27851.55,Customer_142 Inc.,2025-03-01
OPP-11429,28756.4,Customer_182 Inc.,2025-03-01
OPP-11430,43902.31,Customer_51 Inc.,2025-03-01
OPP-11431,2063.52,Customer_50 Inc.,2025-03-01
OPP-11432,17964.3,Customer_158 Inc.,2025-03-01
OPP-11433,24822.35,Customer_12 Inc.,2025-03-01
OPP-11434,12490.85,Customer_54 Inc.,2025-03-01
OPP-11435,11375.94,Customer_178 Inc.,2025-03-01
OPP-11436,24840.24,Customer_83 Inc.,2025-03-01
OPP-11437,9207.04,Customer_82 Inc.,2025-03-01
OPP-11438,30078.17,Customer_96 Inc.,2025-03-01
OPP-11439,1289.15,Customer_52 Inc.,2025-03-01
OPP-11440,36108.35,Customer_11 Inc.,2025-03-02
OPP-11441,2264.25,Customer_169 Inc.,2025-03-02
OPP-11442,38266.94,Customer_48 Inc.,2025-03-02
OPP-11443,30095.91,Customer_57 Inc.,2025-03-02
OPP-11444,45720.26,Customer_173 Inc.,2025-03-02
OPP-11445,17519.39,Customer_56 Inc.,2025-03-02
OPP-11446,42048.07,Customer_122 Inc.,2025-03-02
OPP-11447,16202.36,Customer_108 Inc.,2025-03-02
OPP-11448,24650.89,Customer_42 Inc.,2025-03-02
OPP-11449,42645.3,Customer_154 Inc.,2025-03-02
OPP-11450,9402.66,Customer_155 Inc.,2025-03-02
OPP-11451,10760.0,Customer_41 Inc.,2025-03-02
OPP-11452,38915.22,Customer_126 Inc.,2025-03-02
OPP-11453,18219.11,Customer_93 Inc.,2025-03-02
OPP-11454,44893.06,Customer_158 Inc.,2025-03-02
OPP-11455,31809.82,Customer_159 Inc.,2025-03-02
OPP-11456,33313.86,Customer_131 Inc.,2025-03-02
OPP-11457,11196.06,Customer_87 Inc.,2025-03-02
OPP-11458,21562.92,Customer_37 Inc.,2025-03-02
OPP-11459,4903.75,Customer_40 Inc.,2025-03-02
OPP-11460,21873.84,Customer_200 Inc.,2025-03-02
OPP-11461,40708.96,Customer_31 Inc.,2025-03-02
OPP-11462,39912.1,Customer_191 Inc.,2025-03-02
OPP-11463,17413.35,Customer_19 Inc.,2025-03-02
OPP-11464,47497.01,Customer_7 Inc.,2025-03-03
OPP-11465,38434.3,Customer_196 Inc.,2025-03-03
OPP-11466,23235.61,Customer_98 Inc.,2025-03-03
OPP-11467,26027.65,Customer_66 Inc.,2025-03-03
OPP-11468,12975.63,Customer_2 Inc.,2025-03-03
OPP-11469,25916.87,Customer_52 Inc.,2025-03-03
OPP-11470,10221.27,Customer_98 Inc.,2025-03-03
OPP-11471,9312.24,Customer_152 Inc.,2025-03-03
OPP-11472,7243.8,Customer_131 Inc.,2025-03-03
OPP-11473,33747.38,Customer_21 Inc.,2025-03-03
OPP-11474,16069.6,Customer_149 Inc.,2025-03-03
OPP-11475,1870.64,Customer_127 Inc.,2025-03-03
OPP-11476,27370.1,Customer_156 Inc.,2025-03-03
OPP-11477,28933.22,Customer_57 Inc.,2025-03-03
OPP-11478,30856.35,Customer_184 Inc.,2025-03-03
OPP-11479,43238.0,Customer_37 Inc.,2025-03-03
OPP-11480,26067.17,Customer_155 Inc.,2025-03-03
OPP-11481,7875.68,Customer_175 Inc.,2025-03-03
OPP-11482,38298.83,Customer_74 Inc.,2025-03-03
OPP-11483,19936.03,Customer_54 Inc.,2025-03-03
OPP-11484,11797.94,Customer_15 Inc.,2025-03-03
OPP-11485,42925.02,Customer_67 Inc.,2025-03-03
OPP-11486,31615.25,Customer_13 Inc.,2025-03-03
OPP-11487,26516.31,Customer_29 Inc.,2025-03-03
OPP-11488,1506.48,Customer_40 Inc.,2025-03-04
OPP-11489,30746.31,Customer_32 Inc.,2025-03-04
OPP-11490,6453.11,Customer_3 Inc.,2025-03-04
OPP-11491,44065.82,Customer_98 Inc.,2025-03-04
OPP-11492,23234.39,Customer_148 Inc.,2025-03-04
OPP-11493,40396.26,Customer_58 Inc.,2025-03-04
OPP-11494,45898.5,Customer_74 Inc.,2025-03-04
OPP-11495,48745.65,Customer_109 Inc.,2025-03-04
OPP-11496,43462.03,Customer_190 Inc.,2025-03-04
OPP-11497,6786.76,Customer_108 Inc.,2025-03-04
OPP-11498,37844.11,Customer_105 Inc.,2025-03-04
OPP-11499,6428.32,Customer_199 Inc.,2025-03-04
